"filename", "language", "HTML", "TypeScript", "CSS", "JSON", "XML", "JavaScript", "SCSS", "Less", "comment", "blank", "total"
"e:\Sandip_da\Project\New_Project\chartdoc_web\src\app\accept-copay\accept-copay-routing.module.ts", "TypeScript", 0, 11, 0, 0, 0, 0, 0, 0, 0, 4, 15
"e:\Sandip_da\Project\New_Project\chartdoc_web\src\app\accept-copay\accept-copay.component.css", "CSS", 0, 0, 0, 0, 0, 0, 0, 0, 0, 1, 1
"e:\Sandip_da\Project\New_Project\chartdoc_web\src\app\accept-copay\accept-copay.component.html", "HTML", 117, 0, 0, 0, 0, 0, 0, 0, 9, 15, 141
"e:\Sandip_da\Project\New_Project\chartdoc_web\src\app\accept-copay\accept-copay.component.spec.ts", "TypeScript", 0, 0, 0, 0, 0, 0, 0, 0, 0, 1, 1
"e:\Sandip_da\Project\New_Project\chartdoc_web\src\app\accept-copay\accept-copay.component.ts", "TypeScript", 0, 105, 0, 0, 0, 0, 0, 0, 9, 19, 133
"e:\Sandip_da\Project\New_Project\chartdoc_web\src\app\accept-copay\accept-copay.module.ts", "TypeScript", 0, 27, 0, 0, 0, 0, 0, 0, 0, 1, 28
"e:\Sandip_da\Project\New_Project\chartdoc_web\src\app\app-routing.module.ts", "TypeScript", 0, 11, 0, 0, 0, 0, 0, 0, 0, 4, 15
"e:\Sandip_da\Project\New_Project\chartdoc_web\src\app\app.component.css", "CSS", 0, 0, 0, 0, 0, 0, 0, 0, 0, 1, 1
"e:\Sandip_da\Project\New_Project\chartdoc_web\src\app\app.component.html", "HTML", 1, 0, 0, 0, 0, 0, 0, 0, 0, 0, 1
"e:\Sandip_da\Project\New_Project\chartdoc_web\src\app\app.component.spec.ts", "TypeScript", 0, 31, 0, 0, 0, 0, 0, 0, 0, 5, 36
"e:\Sandip_da\Project\New_Project\chartdoc_web\src\app\app.component.ts", "TypeScript", 0, 9, 0, 0, 0, 0, 0, 0, 0, 2, 11
"e:\Sandip_da\Project\New_Project\chartdoc_web\src\app\app.module.ts", "TypeScript", 0, 71, 0, 0, 0, 0, 0, 0, 0, 2, 73
"e:\Sandip_da\Project\New_Project\chartdoc_web\src\app\appointment\appointment-routing.module.ts", "TypeScript", 0, 12, 0, 0, 0, 0, 0, 0, 0, 4, 16
"e:\Sandip_da\Project\New_Project\chartdoc_web\src\app\appointment\appointment.component.css", "CSS", 0, 0, 3, 0, 0, 0, 0, 0, 0, 0, 3
"e:\Sandip_da\Project\New_Project\chartdoc_web\src\app\appointment\appointment.component.html", "HTML", 80, 0, 0, 0, 0, 0, 0, 0, 5, 23, 108
"e:\Sandip_da\Project\New_Project\chartdoc_web\src\app\appointment\appointment.component.spec.ts", "TypeScript", 0, 0, 0, 0, 0, 0, 0, 0, 0, 1, 1
"e:\Sandip_da\Project\New_Project\chartdoc_web\src\app\appointment\appointment.component.ts", "TypeScript", 0, 290, 0, 0, 0, 0, 0, 0, 7, 46, 343
"e:\Sandip_da\Project\New_Project\chartdoc_web\src\app\appointment\appointment.module.ts", "TypeScript", 0, 25, 0, 0, 0, 0, 0, 0, 0, 1, 26
"e:\Sandip_da\Project\New_Project\chartdoc_web\src\app\book-appointment\book-appointment-model.ts", "TypeScript", 0, 28, 0, 0, 0, 0, 0, 0, 0, 1, 29
"e:\Sandip_da\Project\New_Project\chartdoc_web\src\app\book-appointment\book-appointment-routing.module.ts", "TypeScript", 0, 13, 0, 0, 0, 0, 0, 0, 0, 3, 16
"e:\Sandip_da\Project\New_Project\chartdoc_web\src\app\book-appointment\book-appointment.component.css", "CSS", 0, 0, 4, 0, 0, 0, 0, 0, 0, 0, 4
"e:\Sandip_da\Project\New_Project\chartdoc_web\src\app\book-appointment\book-appointment.component.html", "HTML", 248, 0, 0, 0, 0, 0, 0, 0, 29, 20, 297
"e:\Sandip_da\Project\New_Project\chartdoc_web\src\app\book-appointment\book-appointment.component.spec.ts", "TypeScript", 0, 20, 0, 0, 0, 0, 0, 0, 0, 6, 26
"e:\Sandip_da\Project\New_Project\chartdoc_web\src\app\book-appointment\book-appointment.component.ts", "TypeScript", 0, 551, 0, 0, 0, 0, 0, 0, 37, 60, 648
"e:\Sandip_da\Project\New_Project\chartdoc_web\src\app\book-appointment\book-appointment.module.ts", "TypeScript", 0, 25, 0, 0, 0, 0, 0, 0, 1, 1, 27
"e:\Sandip_da\Project\New_Project\chartdoc_web\src\app\core\common.service.ts", "TypeScript", 0, 108, 0, 0, 0, 0, 0, 0, 0, 40, 148
"e:\Sandip_da\Project\New_Project\chartdoc_web\src\app\core\core.module.ts", "TypeScript", 0, 20, 0, 0, 0, 0, 0, 0, 0, 2, 22
"e:\Sandip_da\Project\New_Project\chartdoc_web\src\app\core\file-upload\dnd.directive.ts", "TypeScript", 0, 28, 0, 0, 0, 0, 0, 0, 0, 8, 36
"e:\Sandip_da\Project\New_Project\chartdoc_web\src\app\core\file-upload\file-upload.component.html", "HTML", 32, 0, 0, 0, 0, 0, 0, 0, 8, 2, 42
"e:\Sandip_da\Project\New_Project\chartdoc_web\src\app\core\file-upload\file-upload.component.scss", "SCSS", 0, 0, 0, 0, 0, 0, 104, 0, 2, 24, 130
"e:\Sandip_da\Project\New_Project\chartdoc_web\src\app\core\file-upload\file-upload.component.spec.ts", "TypeScript", 0, 20, 0, 0, 0, 0, 0, 0, 0, 6, 26
"e:\Sandip_da\Project\New_Project\chartdoc_web\src\app\core\file-upload\file-upload.component.ts", "TypeScript", 0, 84, 0, 0, 0, 0, 0, 0, 19, 16, 119
"e:\Sandip_da\Project\New_Project\chartdoc_web\src\app\core\file-upload\progress\progress.component.html", "HTML", 4, 0, 0, 0, 0, 0, 0, 0, 0, 0, 4
"e:\Sandip_da\Project\New_Project\chartdoc_web\src\app\core\file-upload\progress\progress.component.scss", "SCSS", 0, 0, 0, 0, 0, 0, 18, 0, 0, 1, 19
"e:\Sandip_da\Project\New_Project\chartdoc_web\src\app\core\file-upload\progress\progress.component.spec.ts", "TypeScript", 0, 20, 0, 0, 0, 0, 0, 0, 0, 6, 26
"e:\Sandip_da\Project\New_Project\chartdoc_web\src\app\core\file-upload\progress\progress.component.ts", "TypeScript", 0, 12, 0, 0, 0, 0, 0, 0, 0, 4, 16
"e:\Sandip_da\Project\New_Project\chartdoc_web\src\app\core\http-interceptor\api-prefix-interceptor.ts", "TypeScript", 0, 11, 0, 0, 0, 0, 0, 0, 0, 2, 13
"e:\Sandip_da\Project\New_Project\chartdoc_web\src\app\core\http-interceptor\index.ts", "TypeScript", 0, 4, 0, 0, 0, 0, 0, 0, 1, 1, 6
"e:\Sandip_da\Project\New_Project\chartdoc_web\src\app\core\shared.service.ts", "TypeScript", 0, 46, 0, 0, 0, 0, 0, 0, 0, 13, 59
"e:\Sandip_da\Project\New_Project\chartdoc_web\src\app\directives\directives.module.ts", "TypeScript", 0, 11, 0, 0, 0, 0, 0, 0, 0, 4, 15
"e:\Sandip_da\Project\New_Project\chartdoc_web\src\app\directives\lazy-for.directive.ts", "TypeScript", 0, 117, 0, 0, 0, 0, 0, 0, 25, 39, 181
"e:\Sandip_da\Project\New_Project\chartdoc_web\src\app\directives\number.directive.ts", "TypeScript", 0, 21, 0, 0, 0, 0, 0, 0, 8, 6, 35
"e:\Sandip_da\Project\New_Project\chartdoc_web\src\app\doctor-calender\doctor-calendar-routing.module.ts", "TypeScript", 0, 11, 0, 0, 0, 0, 0, 0, 0, 4, 15
"e:\Sandip_da\Project\New_Project\chartdoc_web\src\app\doctor-calender\doctor-calendar.module.ts", "TypeScript", 0, 29, 0, 0, 0, 0, 0, 0, 0, 2, 31
"e:\Sandip_da\Project\New_Project\chartdoc_web\src\app\doctor-calender\doctor-calender.component.css", "CSS", 0, 0, 0, 0, 0, 0, 0, 0, 0, 1, 1
"e:\Sandip_da\Project\New_Project\chartdoc_web\src\app\doctor-calender\doctor-calender.component.html", "HTML", 60, 0, 0, 0, 0, 0, 0, 0, 2, 3, 65
"e:\Sandip_da\Project\New_Project\chartdoc_web\src\app\doctor-calender\doctor-calender.component.spec.ts", "TypeScript", 0, 20, 0, 0, 0, 0, 0, 0, 0, 6, 26
"e:\Sandip_da\Project\New_Project\chartdoc_web\src\app\doctor-calender\doctor-calender.component.ts", "TypeScript", 0, 127, 0, 0, 0, 0, 0, 0, 4, 9, 140
"e:\Sandip_da\Project\New_Project\chartdoc_web\src\app\landing-page\landing-page-routing.module.ts", "TypeScript", 0, 11, 0, 0, 0, 0, 0, 0, 0, 4, 15
"e:\Sandip_da\Project\New_Project\chartdoc_web\src\app\landing-page\landing-page.component.css", "CSS", 0, 0, 0, 0, 0, 0, 0, 0, 0, 1, 1
"e:\Sandip_da\Project\New_Project\chartdoc_web\src\app\landing-page\landing-page.component.html", "HTML", 33, 0, 0, 0, 0, 0, 0, 0, 14, 3, 50
"e:\Sandip_da\Project\New_Project\chartdoc_web\src\app\landing-page\landing-page.component.spec.ts", "TypeScript", 0, 20, 0, 0, 0, 0, 0, 0, 0, 6, 26
"e:\Sandip_da\Project\New_Project\chartdoc_web\src\app\landing-page\landing-page.component.ts", "TypeScript", 0, 44, 0, 0, 0, 0, 0, 0, 1, 9, 54
"e:\Sandip_da\Project\New_Project\chartdoc_web\src\app\landing-page\landing-page.module.ts", "TypeScript", 0, 15, 0, 0, 0, 0, 0, 0, 0, 4, 19
"e:\Sandip_da\Project\New_Project\chartdoc_web\src\app\login\login-routing.module.ts", "TypeScript", 0, 11, 0, 0, 0, 0, 0, 0, 0, 4, 15
"e:\Sandip_da\Project\New_Project\chartdoc_web\src\app\login\login.component.css", "CSS", 0, 0, 0, 0, 0, 0, 0, 0, 0, 1, 1
"e:\Sandip_da\Project\New_Project\chartdoc_web\src\app\login\login.component.html", "HTML", 47, 0, 0, 0, 0, 0, 0, 0, 3, 10, 60
"e:\Sandip_da\Project\New_Project\chartdoc_web\src\app\login\login.component.spec.ts", "TypeScript", 0, 20, 0, 0, 0, 0, 0, 0, 0, 6, 26
"e:\Sandip_da\Project\New_Project\chartdoc_web\src\app\login\login.component.ts", "TypeScript", 0, 69, 0, 0, 0, 0, 0, 0, 4, 9, 82
"e:\Sandip_da\Project\New_Project\chartdoc_web\src\app\login\login.module.ts", "TypeScript", 0, 19, 0, 0, 0, 0, 0, 0, 0, 3, 22
"e:\Sandip_da\Project\New_Project\chartdoc_web\src\app\master\general\add-general\add-general.component.css", "CSS", 0, 0, 0, 0, 0, 0, 0, 0, 0, 1, 1
"e:\Sandip_da\Project\New_Project\chartdoc_web\src\app\master\general\add-general\add-general.component.html", "HTML", 61, 0, 0, 0, 0, 0, 0, 0, 9, 9, 79
"e:\Sandip_da\Project\New_Project\chartdoc_web\src\app\master\general\add-general\add-general.component.spec.ts", "TypeScript", 0, 20, 0, 0, 0, 0, 0, 0, 0, 6, 26
"e:\Sandip_da\Project\New_Project\chartdoc_web\src\app\master\general\add-general\add-general.component.ts", "TypeScript", 0, 53, 0, 0, 0, 0, 0, 0, 4, 10, 67
"e:\Sandip_da\Project\New_Project\chartdoc_web\src\app\master\general\general-routing.module.ts", "TypeScript", 0, 13, 0, 0, 0, 0, 0, 0, 0, 4, 17
"e:\Sandip_da\Project\New_Project\chartdoc_web\src\app\master\general\general.component.css", "CSS", 0, 0, 0, 0, 0, 0, 0, 0, 0, 1, 1
"e:\Sandip_da\Project\New_Project\chartdoc_web\src\app\master\general\general.component.html", "HTML", 83, 0, 0, 0, 0, 0, 0, 0, 4, 8, 95
"e:\Sandip_da\Project\New_Project\chartdoc_web\src\app\master\general\general.component.spec.ts", "TypeScript", 0, 20, 0, 0, 0, 0, 0, 0, 0, 6, 26
"e:\Sandip_da\Project\New_Project\chartdoc_web\src\app\master\general\general.component.ts", "TypeScript", 0, 43, 0, 0, 0, 0, 0, 0, 2, 7, 52
"e:\Sandip_da\Project\New_Project\chartdoc_web\src\app\master\general\general.module.ts", "TypeScript", 0, 15, 0, 0, 0, 0, 0, 0, 0, 3, 18
"e:\Sandip_da\Project\New_Project\chartdoc_web\src\app\master\reason\create-new-reason\create-new-reason.component.css", "CSS", 0, 0, 0, 0, 0, 0, 0, 0, 0, 1, 1
"e:\Sandip_da\Project\New_Project\chartdoc_web\src\app\master\reason\create-new-reason\create-new-reason.component.html", "HTML", 77, 0, 0, 0, 0, 0, 0, 0, 3, 12, 92
"e:\Sandip_da\Project\New_Project\chartdoc_web\src\app\master\reason\create-new-reason\create-new-reason.component.spec.ts", "TypeScript", 0, 20, 0, 0, 0, 0, 0, 0, 0, 6, 26
"e:\Sandip_da\Project\New_Project\chartdoc_web\src\app\master\reason\create-new-reason\create-new-reason.component.ts", "TypeScript", 0, 35, 0, 0, 0, 0, 0, 0, 0, 5, 40
"e:\Sandip_da\Project\New_Project\chartdoc_web\src\app\master\reason\reason-routing.module.ts", "TypeScript", 0, 13, 0, 0, 0, 0, 0, 0, 0, 2, 15
"e:\Sandip_da\Project\New_Project\chartdoc_web\src\app\master\reason\reason.component.css", "CSS", 0, 0, 18, 0, 0, 0, 0, 0, 0, 0, 18
"e:\Sandip_da\Project\New_Project\chartdoc_web\src\app\master\reason\reason.component.html", "HTML", 92, 0, 0, 0, 0, 0, 0, 0, 7, 17, 116
"e:\Sandip_da\Project\New_Project\chartdoc_web\src\app\master\reason\reason.component.spec.ts", "TypeScript", 0, 20, 0, 0, 0, 0, 0, 0, 0, 6, 26
"e:\Sandip_da\Project\New_Project\chartdoc_web\src\app\master\reason\reason.component.ts", "TypeScript", 0, 44, 0, 0, 0, 0, 0, 0, 0, 10, 54
"e:\Sandip_da\Project\New_Project\chartdoc_web\src\app\master\reason\reason.module.ts", "TypeScript", 0, 28, 0, 0, 0, 0, 0, 0, 0, 6, 34
"e:\Sandip_da\Project\New_Project\chartdoc_web\src\app\master\service\create-new-service\create-new-service.component.css", "CSS", 0, 0, 0, 0, 0, 0, 0, 0, 0, 1, 1
"e:\Sandip_da\Project\New_Project\chartdoc_web\src\app\master\service\create-new-service\create-new-service.component.html", "HTML", 52, 0, 0, 0, 0, 0, 0, 0, 6, 12, 70
"e:\Sandip_da\Project\New_Project\chartdoc_web\src\app\master\service\create-new-service\create-new-service.component.spec.ts", "TypeScript", 0, 20, 0, 0, 0, 0, 0, 0, 0, 6, 26
"e:\Sandip_da\Project\New_Project\chartdoc_web\src\app\master\service\create-new-service\create-new-service.component.ts", "TypeScript", 0, 22, 0, 0, 0, 0, 0, 0, 1, 5, 28
"e:\Sandip_da\Project\New_Project\chartdoc_web\src\app\master\service\service-routing.module.ts", "TypeScript", 0, 13, 0, 0, 0, 0, 0, 0, 0, 2, 15
"e:\Sandip_da\Project\New_Project\chartdoc_web\src\app\master\service\service.component.css", "CSS", 0, 0, 0, 0, 0, 0, 0, 0, 0, 1, 1
"e:\Sandip_da\Project\New_Project\chartdoc_web\src\app\master\service\service.component.html", "HTML", 64, 0, 0, 0, 0, 0, 0, 0, 3, 6, 73
"e:\Sandip_da\Project\New_Project\chartdoc_web\src\app\master\service\service.component.spec.ts", "TypeScript", 0, 20, 0, 0, 0, 0, 0, 0, 0, 6, 26
"e:\Sandip_da\Project\New_Project\chartdoc_web\src\app\master\service\service.component.ts", "TypeScript", 0, 32, 0, 0, 0, 0, 0, 0, 0, 4, 36
"e:\Sandip_da\Project\New_Project\chartdoc_web\src\app\master\service\service.module.ts", "TypeScript", 0, 26, 0, 0, 0, 0, 0, 0, 0, 6, 32
"e:\Sandip_da\Project\New_Project\chartdoc_web\src\app\models\CptModel.ts", "TypeScript", 0, 5, 0, 0, 0, 0, 0, 0, 0, 2, 7
"e:\Sandip_da\Project\New_Project\chartdoc_web\src\app\models\Employee.ts", "TypeScript", 0, 5, 0, 0, 0, 0, 0, 0, 0, 1, 6
"e:\Sandip_da\Project\New_Project\chartdoc_web\src\app\models\PatientCPT.model.ts", "TypeScript", 0, 5, 0, 0, 0, 0, 0, 0, 0, 2, 7
"e:\Sandip_da\Project\New_Project\chartdoc_web\src\app\models\PatientICD.model.ts", "TypeScript", 0, 5, 0, 0, 0, 0, 0, 0, 0, 1, 6
"e:\Sandip_da\Project\New_Project\chartdoc_web\src\app\models\address.model.ts", "TypeScript", 0, 10, 0, 0, 0, 0, 0, 0, 0, 1, 11
"e:\Sandip_da\Project\New_Project\chartdoc_web\src\app\models\care-provider.model.ts", "TypeScript", 0, 4, 0, 0, 0, 0, 0, 0, 0, 0, 4
"e:\Sandip_da\Project\New_Project\chartdoc_web\src\app\models\co-pay.spec.ts", "TypeScript", 0, 6, 0, 0, 0, 0, 0, 0, 0, 2, 8
"e:\Sandip_da\Project\New_Project\chartdoc_web\src\app\models\co-pay.ts", "TypeScript", 0, 10, 0, 0, 0, 0, 0, 0, 0, 1, 11
"e:\Sandip_da\Project\New_Project\chartdoc_web\src\app\models\coding.model.ts", "TypeScript", 0, 5, 0, 0, 0, 0, 0, 0, 0, 0, 5
"e:\Sandip_da\Project\New_Project\chartdoc_web\src\app\models\communication.model.ts", "TypeScript", 0, 5, 0, 0, 0, 0, 0, 0, 0, 1, 6
"e:\Sandip_da\Project\New_Project\chartdoc_web\src\app\models\doctor-information.ts", "TypeScript", 0, 4, 0, 0, 0, 0, 0, 0, 0, 1, 5
"e:\Sandip_da\Project\New_Project\chartdoc_web\src\app\models\document.model.ts", "TypeScript", 0, 7, 0, 0, 0, 0, 0, 0, 0, 2, 9
"e:\Sandip_da\Project\New_Project\chartdoc_web\src\app\models\encountermodel.ts", "TypeScript", 0, 7, 0, 0, 0, 0, 0, 0, 0, 1, 8
"e:\Sandip_da\Project\New_Project\chartdoc_web\src\app\models\extension.model.ts", "TypeScript", 0, 5, 0, 0, 0, 0, 0, 0, 0, 1, 6
"e:\Sandip_da\Project\New_Project\chartdoc_web\src\app\models\file-to-upload.ts", "TypeScript", 0, 6, 0, 0, 0, 0, 0, 0, 1, 0, 7
"e:\Sandip_da\Project\New_Project\chartdoc_web\src\app\models\identifier.model.ts", "TypeScript", 0, 5, 0, 0, 0, 0, 0, 0, 0, 0, 5
"e:\Sandip_da\Project\New_Project\chartdoc_web\src\app\models\language.model.ts", "TypeScript", 0, 5, 0, 0, 0, 0, 0, 0, 0, 1, 6
"e:\Sandip_da\Project\New_Project\chartdoc_web\src\app\models\marital-status.model.ts", "TypeScript", 0, 5, 0, 0, 0, 0, 0, 0, 0, 1, 6
"e:\Sandip_da\Project\New_Project\chartdoc_web\src\app\models\model-adapter.ts", "TypeScript", 0, 3, 0, 0, 0, 0, 0, 0, 0, 0, 3
"e:\Sandip_da\Project\New_Project\chartdoc_web\src\app\models\office-calendar-reasons.spec.ts", "TypeScript", 0, 6, 0, 0, 0, 0, 0, 0, 0, 2, 8
"e:\Sandip_da\Project\New_Project\chartdoc_web\src\app\models\office-calendar-reasons.ts", "TypeScript", 0, 6, 0, 0, 0, 0, 0, 0, 0, 1, 7
"e:\Sandip_da\Project\New_Project\chartdoc_web\src\app\models\other-save.spec.ts", "TypeScript", 0, 6, 0, 0, 0, 0, 0, 0, 0, 2, 8
"e:\Sandip_da\Project\New_Project\chartdoc_web\src\app\models\other-save.ts", "TypeScript", 0, 5, 0, 0, 0, 0, 0, 0, 0, 1, 6
"e:\Sandip_da\Project\New_Project\chartdoc_web\src\app\models\others.spec.ts", "TypeScript", 0, 6, 0, 0, 0, 0, 0, 0, 0, 2, 8
"e:\Sandip_da\Project\New_Project\chartdoc_web\src\app\models\others.ts", "TypeScript", 0, 4, 0, 0, 0, 0, 0, 0, 0, 1, 5
"e:\Sandip_da\Project\New_Project\chartdoc_web\src\app\models\patient-Procedure-upload.ts", "TypeScript", 0, 7, 0, 0, 0, 0, 0, 0, 0, 1, 8
"e:\Sandip_da\Project\New_Project\chartdoc_web\src\app\models\patient-allergies-coding.model.ts", "TypeScript", 0, 5, 0, 0, 0, 0, 0, 0, 0, 0, 5
"e:\Sandip_da\Project\New_Project\chartdoc_web\src\app\models\patient-allergies-entry.model.ts", "TypeScript", 0, 4, 0, 0, 0, 0, 0, 0, 1, 1, 6
"e:\Sandip_da\Project\New_Project\chartdoc_web\src\app\models\patient-allergies-substance.model.ts", "TypeScript", 0, 3, 0, 0, 0, 0, 0, 0, 0, 1, 4
"e:\Sandip_da\Project\New_Project\chartdoc_web\src\app\models\patient-allergies.model.ts", "TypeScript", 0, 3, 0, 0, 0, 0, 0, 0, 1, 1, 5
"e:\Sandip_da\Project\New_Project\chartdoc_web\src\app\models\patient-diagnosis.ts", "TypeScript", 0, 6, 0, 0, 0, 0, 0, 0, 0, 1, 7
"e:\Sandip_da\Project\New_Project\chartdoc_web\src\app\models\patient-doctor-list.model.ts", "TypeScript", 0, 5, 0, 0, 0, 0, 0, 0, 0, 1, 6
"e:\Sandip_da\Project\New_Project\chartdoc_web\src\app\models\patient-family.model.ts", "TypeScript", 0, 4, 0, 0, 0, 0, 0, 0, 0, 1, 5
"e:\Sandip_da\Project\New_Project\chartdoc_web\src\app\models\patient-immunizations.model.ts", "TypeScript", 0, 4, 0, 0, 0, 0, 0, 0, 0, 0, 4
"e:\Sandip_da\Project\New_Project\chartdoc_web\src\app\models\patient-insuranceinfo.model.ts", "TypeScript", 0, 4, 0, 0, 0, 0, 0, 0, 0, 0, 4
"e:\Sandip_da\Project\New_Project\chartdoc_web\src\app\models\patient-name.model.ts", "TypeScript", 0, 6, 0, 0, 0, 0, 0, 0, 0, 0, 6
"e:\Sandip_da\Project\New_Project\chartdoc_web\src\app\models\patient-procedures.ts", "TypeScript", 0, 7, 0, 0, 0, 0, 0, 0, 0, 1, 8
"e:\Sandip_da\Project\New_Project\chartdoc_web\src\app\models\patient-social.model.ts", "TypeScript", 0, 5, 0, 0, 0, 0, 0, 0, 0, 1, 6
"e:\Sandip_da\Project\New_Project\chartdoc_web\src\app\models\patient.model.ts", "TypeScript", 0, 63, 0, 0, 0, 0, 0, 0, 0, 8, 71
"e:\Sandip_da\Project\New_Project\chartdoc_web\src\app\models\patientemployee.model.ts", "TypeScript", 0, 6, 0, 0, 0, 0, 0, 0, 0, 1, 7
"e:\Sandip_da\Project\New_Project\chartdoc_web\src\app\models\prescriptionsModel.ts", "TypeScript", 0, 9, 0, 0, 0, 0, 0, 0, 0, 1, 10
"e:\Sandip_da\Project\New_Project\chartdoc_web\src\app\models\stay-period.model.ts", "TypeScript", 0, 30, 0, 0, 0, 0, 0, 0, 0, 9, 39
"e:\Sandip_da\Project\New_Project\chartdoc_web\src\app\models\telecom.model.ts", "TypeScript", 0, 7, 0, 0, 0, 0, 0, 0, 0, 1, 8
"e:\Sandip_da\Project\New_Project\chartdoc_web\src\app\models\toFormData.ts", "TypeScript", 0, 8, 0, 0, 0, 0, 0, 0, 0, 2, 10
"e:\Sandip_da\Project\New_Project\chartdoc_web\src\app\models\toResponseBody.ts", "TypeScript", 0, 9, 0, 0, 0, 0, 0, 0, 0, 1, 10
"e:\Sandip_da\Project\New_Project\chartdoc_web\src\app\models\upload-operators.ts", "TypeScript", 0, 9, 0, 0, 0, 0, 0, 0, 0, 1, 10
"e:\Sandip_da\Project\New_Project\chartdoc_web\src\app\models\user.model.ts", "TypeScript", 0, 16, 0, 0, 0, 0, 0, 0, 0, 0, 16
"e:\Sandip_da\Project\New_Project\chartdoc_web\src\app\models\value-codeable-concept.model.ts", "TypeScript", 0, 5, 0, 0, 0, 0, 0, 0, 0, 1, 6
"e:\Sandip_da\Project\New_Project\chartdoc_web\src\app\office-calendar\calendarschedule.component.html", "HTML", 88, 0, 0, 0, 0, 0, 0, 0, 5, 24, 117
"e:\Sandip_da\Project\New_Project\chartdoc_web\src\app\office-calendar\calendarschedule.component.ts", "TypeScript", 0, 335, 0, 0, 0, 0, 0, 0, 26, 89, 450
"e:\Sandip_da\Project\New_Project\chartdoc_web\src\app\office-calendar\officecalendar-routing.module.ts", "TypeScript", 0, 13, 0, 0, 0, 0, 0, 0, 0, 3, 16
"e:\Sandip_da\Project\New_Project\chartdoc_web\src\app\office-calendar\officecalendar.component.css", "CSS", 0, 0, 25, 0, 0, 0, 0, 0, 0, 0, 25
"e:\Sandip_da\Project\New_Project\chartdoc_web\src\app\office-calendar\officecalendar.component.html", "HTML", 175, 0, 0, 0, 0, 0, 0, 0, 37, 26, 238
"e:\Sandip_da\Project\New_Project\chartdoc_web\src\app\office-calendar\officecalendar.component.ts", "TypeScript", 0, 362, 0, 0, 0, 0, 0, 0, 63, 42, 467
"e:\Sandip_da\Project\New_Project\chartdoc_web\src\app\office-calendar\officecalendar.module.ts", "TypeScript", 0, 31, 0, 0, 0, 0, 0, 0, 0, 1, 32
"e:\Sandip_da\Project\New_Project\chartdoc_web\src\app\patient-create\patient-create-routing.module.ts", "TypeScript", 0, 11, 0, 0, 0, 0, 0, 0, 0, 4, 15
"e:\Sandip_da\Project\New_Project\chartdoc_web\src\app\patient-create\patient-create.component.css", "CSS", 0, 0, 4, 0, 0, 0, 0, 0, 0, 0, 4
"e:\Sandip_da\Project\New_Project\chartdoc_web\src\app\patient-create\patient-create.component.html", "HTML", 559, 0, 0, 0, 0, 0, 0, 0, 18, 6, 583
"e:\Sandip_da\Project\New_Project\chartdoc_web\src\app\patient-create\patient-create.component.spec.ts", "TypeScript", 0, 20, 0, 0, 0, 0, 0, 0, 0, 6, 26
"e:\Sandip_da\Project\New_Project\chartdoc_web\src\app\patient-create\patient-create.component.ts", "TypeScript", 0, 587, 0, 0, 0, 0, 0, 0, 23, 43, 653
"e:\Sandip_da\Project\New_Project\chartdoc_web\src\app\patient-create\patient-create.module.ts", "TypeScript", 0, 20, 0, 0, 0, 0, 0, 0, 0, 3, 23
"e:\Sandip_da\Project\New_Project\chartdoc_web\src\app\patient-create\patient-model.ts", "TypeScript", 0, 89, 0, 0, 0, 0, 0, 0, 0, 7, 96
"e:\Sandip_da\Project\New_Project\chartdoc_web\src\app\patient-flow-sheet\patient-flow-sheet-routing.module.ts", "TypeScript", 0, 11, 0, 0, 0, 0, 0, 0, 0, 3, 14
"e:\Sandip_da\Project\New_Project\chartdoc_web\src\app\patient-flow-sheet\patient-flow-sheet.component.css", "CSS", 0, 0, 21, 0, 0, 0, 0, 0, 0, 1, 22
"e:\Sandip_da\Project\New_Project\chartdoc_web\src\app\patient-flow-sheet\patient-flow-sheet.component.html", "HTML", 119, 0, 0, 0, 0, 0, 0, 0, 10, 8, 137
"e:\Sandip_da\Project\New_Project\chartdoc_web\src\app\patient-flow-sheet\patient-flow-sheet.component.spec.ts", "TypeScript", 0, 20, 0, 0, 0, 0, 0, 0, 0, 6, 26
"e:\Sandip_da\Project\New_Project\chartdoc_web\src\app\patient-flow-sheet\patient-flow-sheet.component.ts", "TypeScript", 0, 402, 0, 0, 0, 0, 0, 0, 19, 44, 465
"e:\Sandip_da\Project\New_Project\chartdoc_web\src\app\patient-flow-sheet\patient-flow-sheet.module.ts", "TypeScript", 0, 24, 0, 0, 0, 0, 0, 0, 0, 2, 26
"e:\Sandip_da\Project\New_Project\chartdoc_web\src\app\patient-others\patient-others-model.ts", "TypeScript", 0, 34, 0, 0, 0, 0, 0, 0, 0, 5, 39
"e:\Sandip_da\Project\New_Project\chartdoc_web\src\app\patient-others\patient-others-routing.module.ts", "TypeScript", 0, 12, 0, 0, 0, 0, 0, 0, 0, 3, 15
"e:\Sandip_da\Project\New_Project\chartdoc_web\src\app\patient-others\patient-others.component.css", "CSS", 0, 0, 0, 0, 0, 0, 0, 0, 0, 1, 1
"e:\Sandip_da\Project\New_Project\chartdoc_web\src\app\patient-others\patient-others.component.html", "HTML", 325, 0, 0, 0, 0, 0, 0, 0, 6, 1, 332
"e:\Sandip_da\Project\New_Project\chartdoc_web\src\app\patient-others\patient-others.component.spec.ts", "TypeScript", 0, 20, 0, 0, 0, 0, 0, 0, 0, 6, 26
"e:\Sandip_da\Project\New_Project\chartdoc_web\src\app\patient-others\patient-others.component.ts", "TypeScript", 0, 275, 0, 0, 0, 0, 0, 0, 4, 23, 302
"e:\Sandip_da\Project\New_Project\chartdoc_web\src\app\patient-others\patient-others.module.ts", "TypeScript", 0, 21, 0, 0, 0, 0, 0, 0, 0, 2, 23
"e:\Sandip_da\Project\New_Project\chartdoc_web\src\app\patient-profile\patient-allergies\patient-allergies.component.css", "CSS", 0, 0, 0, 0, 0, 0, 0, 0, 0, 1, 1
"e:\Sandip_da\Project\New_Project\chartdoc_web\src\app\patient-profile\patient-allergies\patient-allergies.component.html", "HTML", 34, 0, 0, 0, 0, 0, 0, 0, 5, 3, 42
"e:\Sandip_da\Project\New_Project\chartdoc_web\src\app\patient-profile\patient-allergies\patient-allergies.component.spec.ts", "TypeScript", 0, 20, 0, 0, 0, 0, 0, 0, 0, 6, 26
"e:\Sandip_da\Project\New_Project\chartdoc_web\src\app\patient-profile\patient-allergies\patient-allergies.component.ts", "TypeScript", 0, 59, 0, 0, 0, 0, 0, 0, 0, 5, 64
"e:\Sandip_da\Project\New_Project\chartdoc_web\src\app\patient-profile\patient-chief-complaint\patient-chief-complaint.component.css", "CSS", 0, 0, 3, 0, 0, 0, 0, 0, 0, 0, 3
"e:\Sandip_da\Project\New_Project\chartdoc_web\src\app\patient-profile\patient-chief-complaint\patient-chief-complaint.component.html", "HTML", 41, 0, 0, 0, 0, 0, 0, 0, 1, 1, 43
"e:\Sandip_da\Project\New_Project\chartdoc_web\src\app\patient-profile\patient-chief-complaint\patient-chief-complaint.component.spec.ts", "TypeScript", 0, 20, 0, 0, 0, 0, 0, 0, 0, 6, 26
"e:\Sandip_da\Project\New_Project\chartdoc_web\src\app\patient-profile\patient-chief-complaint\patient-chief-complaint.component.ts", "TypeScript", 0, 79, 0, 0, 0, 0, 0, 0, 3, 15, 97
"e:\Sandip_da\Project\New_Project\chartdoc_web\src\app\patient-profile\patient-cpt\patient-cpt.component.css", "CSS", 0, 0, 14, 0, 0, 0, 0, 0, 0, 3, 17
"e:\Sandip_da\Project\New_Project\chartdoc_web\src\app\patient-profile\patient-cpt\patient-cpt.component.html", "HTML", 100, 0, 0, 0, 0, 0, 0, 0, 0, 0, 100
"e:\Sandip_da\Project\New_Project\chartdoc_web\src\app\patient-profile\patient-cpt\patient-cpt.component.spec.ts", "TypeScript", 0, 20, 0, 0, 0, 0, 0, 0, 0, 6, 26
"e:\Sandip_da\Project\New_Project\chartdoc_web\src\app\patient-profile\patient-cpt\patient-cpt.component.ts", "TypeScript", 0, 118, 0, 0, 0, 0, 0, 0, 1, 17, 136
"e:\Sandip_da\Project\New_Project\chartdoc_web\src\app\patient-profile\patient-diagnosis\patient-diagnosis.component.css", "CSS", 0, 0, 0, 0, 0, 0, 0, 0, 0, 1, 1
"e:\Sandip_da\Project\New_Project\chartdoc_web\src\app\patient-profile\patient-diagnosis\patient-diagnosis.component.html", "HTML", 86, 0, 0, 0, 0, 0, 0, 0, 7, 7, 100
"e:\Sandip_da\Project\New_Project\chartdoc_web\src\app\patient-profile\patient-diagnosis\patient-diagnosis.component.spec.ts", "TypeScript", 0, 20, 0, 0, 0, 0, 0, 0, 0, 6, 26
"e:\Sandip_da\Project\New_Project\chartdoc_web\src\app\patient-profile\patient-diagnosis\patient-diagnosis.component.ts", "TypeScript", 0, 103, 0, 0, 0, 0, 0, 0, 4, 20, 127
"e:\Sandip_da\Project\New_Project\chartdoc_web\src\app\patient-profile\patient-encounter\patient-encounter.component.css", "CSS", 0, 0, 0, 0, 0, 0, 0, 0, 0, 1, 1
"e:\Sandip_da\Project\New_Project\chartdoc_web\src\app\patient-profile\patient-encounter\patient-encounter.component.html", "HTML", 116, 0, 0, 0, 0, 0, 0, 0, 11, 6, 133
"e:\Sandip_da\Project\New_Project\chartdoc_web\src\app\patient-profile\patient-encounter\patient-encounter.component.spec.ts", "TypeScript", 0, 20, 0, 0, 0, 0, 0, 0, 0, 6, 26
"e:\Sandip_da\Project\New_Project\chartdoc_web\src\app\patient-profile\patient-encounter\patient-encounter.component.ts", "TypeScript", 0, 105, 0, 0, 0, 0, 0, 0, 5, 29, 139
"e:\Sandip_da\Project\New_Project\chartdoc_web\src\app\patient-profile\patient-follow-up\patient-follow-up.component.css", "CSS", 0, 0, 0, 0, 0, 0, 0, 0, 0, 1, 1
"e:\Sandip_da\Project\New_Project\chartdoc_web\src\app\patient-profile\patient-follow-up\patient-follow-up.component.html", "HTML", 63, 0, 0, 0, 0, 0, 0, 0, 0, 2, 65
"e:\Sandip_da\Project\New_Project\chartdoc_web\src\app\patient-profile\patient-follow-up\patient-follow-up.component.spec.ts", "TypeScript", 0, 20, 0, 0, 0, 0, 0, 0, 0, 6, 26
"e:\Sandip_da\Project\New_Project\chartdoc_web\src\app\patient-profile\patient-follow-up\patient-follow-up.component.ts", "TypeScript", 0, 225, 0, 0, 0, 0, 0, 0, 5, 42, 272
"e:\Sandip_da\Project\New_Project\chartdoc_web\src\app\patient-profile\patient-icd\patient-icd.component.css", "CSS", 0, 0, 17, 0, 0, 0, 0, 0, 0, 7, 24
"e:\Sandip_da\Project\New_Project\chartdoc_web\src\app\patient-profile\patient-icd\patient-icd.component.html", "HTML", 101, 0, 0, 0, 0, 0, 0, 0, 2, 0, 103
"e:\Sandip_da\Project\New_Project\chartdoc_web\src\app\patient-profile\patient-icd\patient-icd.component.spec.ts", "TypeScript", 0, 20, 0, 0, 0, 0, 0, 0, 0, 6, 26
"e:\Sandip_da\Project\New_Project\chartdoc_web\src\app\patient-profile\patient-icd\patient-icd.component.ts", "TypeScript", 0, 120, 0, 0, 0, 0, 0, 0, 4, 16, 140
"e:\Sandip_da\Project\New_Project\chartdoc_web\src\app\patient-profile\patient-immunizations\patient-immunizations.component.css", "CSS", 0, 0, 0, 0, 0, 0, 0, 0, 0, 1, 1
"e:\Sandip_da\Project\New_Project\chartdoc_web\src\app\patient-profile\patient-immunizations\patient-immunizations.component.html", "HTML", 36, 0, 0, 0, 0, 0, 0, 0, 1, 6, 43
"e:\Sandip_da\Project\New_Project\chartdoc_web\src\app\patient-profile\patient-immunizations\patient-immunizations.component.spec.ts", "TypeScript", 0, 20, 0, 0, 0, 0, 0, 0, 0, 6, 26
"e:\Sandip_da\Project\New_Project\chartdoc_web\src\app\patient-profile\patient-immunizations\patient-immunizations.component.ts", "TypeScript", 0, 41, 0, 0, 0, 0, 0, 0, 0, 8, 49
"e:\Sandip_da\Project\New_Project\chartdoc_web\src\app\patient-profile\patient-impression-plan\patient-impression-plan.component.css", "CSS", 0, 0, 0, 0, 0, 0, 0, 0, 0, 1, 1
"e:\Sandip_da\Project\New_Project\chartdoc_web\src\app\patient-profile\patient-impression-plan\patient-impression-plan.component.html", "HTML", 40, 0, 0, 0, 0, 0, 0, 0, 0, 0, 40
"e:\Sandip_da\Project\New_Project\chartdoc_web\src\app\patient-profile\patient-impression-plan\patient-impression-plan.component.spec.ts", "TypeScript", 0, 20, 0, 0, 0, 0, 0, 0, 0, 6, 26
"e:\Sandip_da\Project\New_Project\chartdoc_web\src\app\patient-profile\patient-impression-plan\patient-impression-plan.component.ts", "TypeScript", 0, 72, 0, 0, 0, 0, 0, 0, 6, 15, 93
"e:\Sandip_da\Project\New_Project\chartdoc_web\src\app\patient-profile\patient-insurance-info\patient-insurance-info.component.css", "CSS", 0, 0, 0, 0, 0, 0, 0, 0, 0, 1, 1
"e:\Sandip_da\Project\New_Project\chartdoc_web\src\app\patient-profile\patient-insurance-info\patient-insurance-info.component.html", "HTML", 36, 0, 0, 0, 0, 0, 0, 0, 0, 7, 43
"e:\Sandip_da\Project\New_Project\chartdoc_web\src\app\patient-profile\patient-insurance-info\patient-insurance-info.component.spec.ts", "TypeScript", 0, 20, 0, 0, 0, 0, 0, 0, 0, 6, 26
"e:\Sandip_da\Project\New_Project\chartdoc_web\src\app\patient-profile\patient-insurance-info\patient-insurance-info.component.ts", "TypeScript", 0, 28, 0, 0, 0, 0, 0, 0, 0, 9, 37
"e:\Sandip_da\Project\New_Project\chartdoc_web\src\app\patient-profile\patient-prescriptions-view\patient-prescriptions-view.component.css", "CSS", 0, 0, 0, 0, 0, 0, 0, 0, 0, 1, 1
"e:\Sandip_da\Project\New_Project\chartdoc_web\src\app\patient-profile\patient-prescriptions-view\patient-prescriptions-view.component.html", "HTML", 52, 0, 0, 0, 0, 0, 0, 0, 0, 9, 61
"e:\Sandip_da\Project\New_Project\chartdoc_web\src\app\patient-profile\patient-prescriptions-view\patient-prescriptions-view.component.spec.ts", "TypeScript", 0, 20, 0, 0, 0, 0, 0, 0, 0, 6, 26
"e:\Sandip_da\Project\New_Project\chartdoc_web\src\app\patient-profile\patient-prescriptions-view\patient-prescriptions-view.component.ts", "TypeScript", 0, 26, 0, 0, 0, 0, 0, 0, 0, 4, 30
"e:\Sandip_da\Project\New_Project\chartdoc_web\src\app\patient-profile\patient-prescriptions\patient-prescriptions.component.css", "CSS", 0, 0, 0, 0, 0, 0, 0, 0, 0, 1, 1
"e:\Sandip_da\Project\New_Project\chartdoc_web\src\app\patient-profile\patient-prescriptions\patient-prescriptions.component.html", "HTML", 10, 0, 0, 0, 0, 0, 0, 0, 72, 6, 88
"e:\Sandip_da\Project\New_Project\chartdoc_web\src\app\patient-profile\patient-prescriptions\patient-prescriptions.component.spec.ts", "TypeScript", 0, 20, 0, 0, 0, 0, 0, 0, 0, 6, 26
"e:\Sandip_da\Project\New_Project\chartdoc_web\src\app\patient-profile\patient-prescriptions\patient-prescriptions.component.ts", "TypeScript", 0, 34, 0, 0, 0, 0, 0, 0, 55, 16, 105
"e:\Sandip_da\Project\New_Project\chartdoc_web\src\app\patient-profile\patient-procedure-upload\patient-procedure-upload.component.css", "CSS", 0, 0, 0, 0, 0, 0, 0, 0, 0, 1, 1
"e:\Sandip_da\Project\New_Project\chartdoc_web\src\app\patient-profile\patient-procedure-upload\patient-procedure-upload.component.html", "HTML", 54, 0, 0, 0, 0, 0, 0, 0, 0, 5, 59
"e:\Sandip_da\Project\New_Project\chartdoc_web\src\app\patient-profile\patient-procedure-upload\patient-procedure-upload.component.spec.ts", "TypeScript", 0, 20, 0, 0, 0, 0, 0, 0, 0, 6, 26
"e:\Sandip_da\Project\New_Project\chartdoc_web\src\app\patient-profile\patient-procedure-upload\patient-procedure-upload.component.ts", "TypeScript", 0, 63, 0, 0, 0, 0, 0, 0, 2, 15, 80
"e:\Sandip_da\Project\New_Project\chartdoc_web\src\app\patient-profile\patient-procedures\patient-procedures.component.css", "CSS", 0, 0, 0, 0, 0, 0, 0, 0, 0, 1, 1
"e:\Sandip_da\Project\New_Project\chartdoc_web\src\app\patient-profile\patient-procedures\patient-procedures.component.html", "HTML", 92, 0, 0, 0, 0, 0, 0, 0, 0, 3, 95
"e:\Sandip_da\Project\New_Project\chartdoc_web\src\app\patient-profile\patient-procedures\patient-procedures.component.spec.ts", "TypeScript", 0, 20, 0, 0, 0, 0, 0, 0, 0, 6, 26
"e:\Sandip_da\Project\New_Project\chartdoc_web\src\app\patient-profile\patient-procedures\patient-procedures.component.ts", "TypeScript", 0, 110, 0, 0, 0, 0, 0, 0, 3, 14, 127
"e:\Sandip_da\Project\New_Project\chartdoc_web\src\app\patient-profile\patient-profile-header\patient-profile-header.component.css", "CSS", 0, 0, 4, 0, 0, 0, 0, 0, 0, 0, 4
"e:\Sandip_da\Project\New_Project\chartdoc_web\src\app\patient-profile\patient-profile-header\patient-profile-header.component.html", "HTML", 314, 0, 0, 0, 0, 0, 0, 0, 50, 8, 372
"e:\Sandip_da\Project\New_Project\chartdoc_web\src\app\patient-profile\patient-profile-header\patient-profile-header.component.spec.ts", "TypeScript", 0, 20, 0, 0, 0, 0, 0, 0, 0, 6, 26
"e:\Sandip_da\Project\New_Project\chartdoc_web\src\app\patient-profile\patient-profile-header\patient-profile-header.component.ts", "TypeScript", 0, 287, 0, 0, 0, 0, 0, 0, 20, 55, 362
"e:\Sandip_da\Project\New_Project\chartdoc_web\src\app\patient-profile\patient-profile-routing.module.ts", "TypeScript", 0, 26, 0, 0, 0, 0, 0, 0, 0, 3, 29
"e:\Sandip_da\Project\New_Project\chartdoc_web\src\app\patient-profile\patient-profile.component.css", "CSS", 0, 0, 0, 0, 0, 0, 0, 0, 0, 1, 1
"e:\Sandip_da\Project\New_Project\chartdoc_web\src\app\patient-profile\patient-profile.component.html", "HTML", 17, 0, 0, 0, 0, 0, 0, 0, 0, 0, 17
"e:\Sandip_da\Project\New_Project\chartdoc_web\src\app\patient-profile\patient-profile.component.spec.ts", "TypeScript", 0, 20, 0, 0, 0, 0, 0, 0, 0, 6, 26
"e:\Sandip_da\Project\New_Project\chartdoc_web\src\app\patient-profile\patient-profile.component.ts", "TypeScript", 0, 11, 0, 0, 0, 0, 0, 0, 0, 5, 16
"e:\Sandip_da\Project\New_Project\chartdoc_web\src\app\patient-profile\patient-profile.module.ts", "TypeScript", 0, 120, 0, 0, 0, 0, 0, 0, 0, 3, 123
"e:\Sandip_da\Project\New_Project\chartdoc_web\src\app\patient-profile\patient-social-family\patient-social-family.component.css", "CSS", 0, 0, 0, 0, 0, 0, 0, 0, 0, 1, 1
"e:\Sandip_da\Project\New_Project\chartdoc_web\src\app\patient-profile\patient-social-family\patient-social-family.component.html", "HTML", 64, 0, 0, 0, 0, 0, 0, 0, 0, 3, 67
"e:\Sandip_da\Project\New_Project\chartdoc_web\src\app\patient-profile\patient-social-family\patient-social-family.component.spec.ts", "TypeScript", 0, 20, 0, 0, 0, 0, 0, 0, 0, 6, 26
"e:\Sandip_da\Project\New_Project\chartdoc_web\src\app\patient-profile\patient-social-family\patient-social-family.component.ts", "TypeScript", 0, 72, 0, 0, 0, 0, 0, 0, 5, 11, 88
"e:\Sandip_da\Project\New_Project\chartdoc_web\src\app\patient-profile\patientdiagnosticupload\patientdiagnosticupload.component.css", "CSS", 0, 0, 0, 0, 0, 0, 0, 0, 0, 1, 1
"e:\Sandip_da\Project\New_Project\chartdoc_web\src\app\patient-profile\patientdiagnosticupload\patientdiagnosticupload.component.html", "HTML", 49, 0, 0, 0, 0, 0, 0, 0, 0, 5, 54
"e:\Sandip_da\Project\New_Project\chartdoc_web\src\app\patient-profile\patientdiagnosticupload\patientdiagnosticupload.component.spec.ts", "TypeScript", 0, 20, 0, 0, 0, 0, 0, 0, 0, 6, 26
"e:\Sandip_da\Project\New_Project\chartdoc_web\src\app\patient-profile\patientdiagnosticupload\patientdiagnosticupload.component.ts", "TypeScript", 0, 74, 0, 0, 0, 0, 0, 0, 3, 13, 90
"e:\Sandip_da\Project\New_Project\chartdoc_web\src\app\patient-search\patient-search-routing.module.ts", "TypeScript", 0, 12, 0, 0, 0, 0, 0, 0, 0, 4, 16
"e:\Sandip_da\Project\New_Project\chartdoc_web\src\app\patient-search\patient-search.component.css", "CSS", 0, 0, 0, 0, 0, 0, 0, 0, 0, 1, 1
"e:\Sandip_da\Project\New_Project\chartdoc_web\src\app\patient-search\patient-search.component.html", "HTML", 129, 0, 0, 0, 0, 0, 0, 0, 19, 6, 154
"e:\Sandip_da\Project\New_Project\chartdoc_web\src\app\patient-search\patient-search.component.spec.ts", "TypeScript", 0, 20, 0, 0, 0, 0, 0, 0, 0, 6, 26
"e:\Sandip_da\Project\New_Project\chartdoc_web\src\app\patient-search\patient-search.component.ts", "TypeScript", 0, 180, 0, 0, 0, 0, 0, 0, 5, 21, 206
"e:\Sandip_da\Project\New_Project\chartdoc_web\src\app\patient-search\patient-search.module.ts", "TypeScript", 0, 21, 0, 0, 0, 0, 0, 0, 0, 3, 24
"e:\Sandip_da\Project\New_Project\chartdoc_web\src\app\services\Cptemployee-filter.pipe.ts", "TypeScript", 0, 30, 0, 0, 0, 0, 0, 0, 0, 4, 34
"e:\Sandip_da\Project\New_Project\chartdoc_web\src\app\services\PrescriptionSearch-filter.pipe.ts", "TypeScript", 0, 29, 0, 0, 0, 0, 0, 0, 9, 2, 40
"e:\Sandip_da\Project\New_Project\chartdoc_web\src\app\services\accept-copay.service.ts", "TypeScript", 0, 38, 0, 0, 0, 0, 0, 0, 0, 10, 48
"e:\Sandip_da\Project\New_Project\chartdoc_web\src\app\services\appointment.service.ts", "TypeScript", 0, 34, 0, 0, 0, 0, 0, 0, 0, 12, 46
"e:\Sandip_da\Project\New_Project\chartdoc_web\src\app\services\authentication.service.ts", "TypeScript", 0, 22, 0, 0, 0, 0, 0, 0, 0, 6, 28
"e:\Sandip_da\Project\New_Project\chartdoc_web\src\app\services\book-appointment.service.ts", "TypeScript", 0, 40, 0, 0, 0, 0, 0, 0, 1, 4, 45
"e:\Sandip_da\Project\New_Project\chartdoc_web\src\app\services\doctor-calendar.service.spec.ts", "TypeScript", 0, 9, 0, 0, 0, 0, 0, 0, 0, 4, 13
"e:\Sandip_da\Project\New_Project\chartdoc_web\src\app\services\doctor-calendar.service.ts", "TypeScript", 0, 18, 0, 0, 0, 0, 0, 0, 0, 5, 23
"e:\Sandip_da\Project\New_Project\chartdoc_web\src\app\services\employee-filter.pipe.ts", "TypeScript", 0, 29, 0, 0, 0, 0, 0, 0, 0, 2, 31
"e:\Sandip_da\Project\New_Project\chartdoc_web\src\app\services\encounter-filter.pipe.ts", "TypeScript", 0, 17, 0, 0, 0, 0, 0, 0, 2, 6, 25
"e:\Sandip_da\Project\New_Project\chartdoc_web\src\app\services\landing-page.service.ts", "TypeScript", 0, 22, 0, 0, 0, 0, 0, 0, 0, 5, 27
"e:\Sandip_da\Project\New_Project\chartdoc_web\src\app\services\officecalendar.service.ts", "TypeScript", 0, 58, 0, 0, 0, 0, 0, 0, 0, 12, 70
"e:\Sandip_da\Project\New_Project\chartdoc_web\src\app\services\others-service.service.spec.ts", "TypeScript", 0, 9, 0, 0, 0, 0, 0, 0, 0, 4, 13
"e:\Sandip_da\Project\New_Project\chartdoc_web\src\app\services\others-service.service.ts", "TypeScript", 0, 29, 0, 0, 0, 0, 0, 0, 0, 7, 36
"e:\Sandip_da\Project\New_Project\chartdoc_web\src\app\services\patient-Prescriptions.service.ts", "TypeScript", 0, 77, 0, 0, 0, 0, 0, 0, 0, 13, 90
"e:\Sandip_da\Project\New_Project\chartdoc_web\src\app\services\patient-allergies.service.ts", "TypeScript", 0, 33, 0, 0, 0, 0, 0, 0, 1, 8, 42
"e:\Sandip_da\Project\New_Project\chartdoc_web\src\app\services\patient-chief-complaint.service.ts", "TypeScript", 0, 41, 0, 0, 0, 0, 0, 0, 2, 15, 58
"e:\Sandip_da\Project\New_Project\chartdoc_web\src\app\services\patient-cpt.service.ts", "TypeScript", 0, 44, 0, 0, 0, 0, 0, 0, 2, 18, 64
"e:\Sandip_da\Project\New_Project\chartdoc_web\src\app\services\patient-create.service.ts", "TypeScript", 0, 59, 0, 0, 0, 0, 0, 0, 10, 6, 75
"e:\Sandip_da\Project\New_Project\chartdoc_web\src\app\services\patient-encounter.service.ts", "TypeScript", 0, 42, 0, 0, 0, 0, 0, 0, 1, 12, 55
"e:\Sandip_da\Project\New_Project\chartdoc_web\src\app\services\patient-flow-sheet.service.ts", "TypeScript", 0, 29, 0, 0, 0, 0, 0, 0, 3, 8, 40
"e:\Sandip_da\Project\New_Project\chartdoc_web\src\app\services\patient-followup.service.ts", "TypeScript", 0, 41, 0, 0, 0, 0, 0, 0, 4, 12, 57
"e:\Sandip_da\Project\New_Project\chartdoc_web\src\app\services\patient-icd.service.ts", "TypeScript", 0, 40, 0, 0, 0, 0, 0, 0, 2, 14, 56
"e:\Sandip_da\Project\New_Project\chartdoc_web\src\app\services\patient-immunizations.service.ts", "TypeScript", 0, 24, 0, 0, 0, 0, 0, 0, 0, 7, 31
"e:\Sandip_da\Project\New_Project\chartdoc_web\src\app\services\patient-impression-plan.service.ts", "TypeScript", 0, 39, 0, 0, 0, 0, 0, 0, 2, 15, 56
"e:\Sandip_da\Project\New_Project\chartdoc_web\src\app\services\patient-insuranceinfo.service.ts", "TypeScript", 0, 19, 0, 0, 0, 0, 0, 0, 0, 8, 27
"e:\Sandip_da\Project\New_Project\chartdoc_web\src\app\services\patient-procedures.service.ts", "TypeScript", 0, 54, 0, 0, 0, 0, 0, 0, 4, 18, 76
"e:\Sandip_da\Project\New_Project\chartdoc_web\src\app\services\patient-profile-header.service.ts", "TypeScript", 0, 51, 0, 0, 0, 0, 0, 0, 8, 18, 77
"e:\Sandip_da\Project\New_Project\chartdoc_web\src\app\services\patient-search.service.ts", "TypeScript", 0, 38, 0, 0, 0, 0, 0, 0, 3, 15, 56
"e:\Sandip_da\Project\New_Project\chartdoc_web\src\app\services\patient-social-family.service.ts", "TypeScript", 0, 24, 0, 0, 0, 0, 0, 0, 1, 4, 29
"e:\Sandip_da\Project\New_Project\chartdoc_web\src\app\services\patientdiagnosis.service.ts", "TypeScript", 0, 54, 0, 0, 0, 0, 0, 0, 4, 16, 74
"e:\Sandip_da\Project\New_Project\chartdoc_web\src\app\services\reason-master.service.ts", "TypeScript", 0, 23, 0, 0, 0, 0, 0, 0, 0, 5, 28
"e:\Sandip_da\Project\New_Project\chartdoc_web\src\app\services\safe-html-pipe.ts", "TypeScript", 0, 18, 0, 0, 0, 0, 0, 0, 0, 3, 21
"e:\Sandip_da\Project\New_Project\chartdoc_web\src\app\services\service-master.service.spec.ts", "TypeScript", 0, 9, 0, 0, 0, 0, 0, 0, 0, 4, 13
"e:\Sandip_da\Project\New_Project\chartdoc_web\src\app\services\service-master.service.ts", "TypeScript", 0, 25, 0, 0, 0, 0, 0, 0, 0, 2, 27
"e:\Sandip_da\Project\New_Project\chartdoc_web\src\app\services\user.service.spec.ts", "TypeScript", 0, 9, 0, 0, 0, 0, 0, 0, 0, 4, 13
"e:\Sandip_da\Project\New_Project\chartdoc_web\src\app\services\user.service.ts", "TypeScript", 0, 38, 0, 0, 0, 0, 0, 0, 0, 4, 42
"e:\Sandip_da\Project\New_Project\chartdoc_web\src\app\shell\header\header-routing.module.ts", "TypeScript", 0, 11, 0, 0, 0, 0, 0, 0, 0, 4, 15
"e:\Sandip_da\Project\New_Project\chartdoc_web\src\app\shell\header\header.component.css", "CSS", 0, 0, 0, 0, 0, 0, 0, 0, 0, 1, 1
"e:\Sandip_da\Project\New_Project\chartdoc_web\src\app\shell\header\header.component.html", "HTML", 336, 0, 0, 0, 0, 0, 0, 0, 0, 8, 344
"e:\Sandip_da\Project\New_Project\chartdoc_web\src\app\shell\header\header.component.spec.ts", "TypeScript", 0, 20, 0, 0, 0, 0, 0, 0, 0, 6, 26
"e:\Sandip_da\Project\New_Project\chartdoc_web\src\app\shell\header\header.component.ts", "TypeScript", 0, 22, 0, 0, 0, 0, 0, 0, 0, 5, 27
"e:\Sandip_da\Project\New_Project\chartdoc_web\src\app\shell\shell.module.ts", "TypeScript", 0, 16, 0, 0, 0, 0, 0, 0, 0, 4, 20
"e:\Sandip_da\Project\New_Project\chartdoc_web\src\app\shell\side-menu\side-menu-routing.module.ts", "TypeScript", 0, 11, 0, 0, 0, 0, 0, 0, 0, 4, 15
"e:\Sandip_da\Project\New_Project\chartdoc_web\src\app\shell\side-menu\side-menu.component.css", "CSS", 0, 0, 0, 0, 0, 0, 0, 0, 0, 1, 1
"e:\Sandip_da\Project\New_Project\chartdoc_web\src\app\shell\side-menu\side-menu.component.html", "HTML", 114, 0, 0, 0, 0, 0, 0, 0, 78, 6, 198
"e:\Sandip_da\Project\New_Project\chartdoc_web\src\app\shell\side-menu\side-menu.component.spec.ts", "TypeScript", 0, 20, 0, 0, 0, 0, 0, 0, 0, 6, 26
"e:\Sandip_da\Project\New_Project\chartdoc_web\src\app\shell\side-menu\side-menu.component.ts", "TypeScript", 0, 18, 0, 0, 0, 0, 0, 0, 0, 5, 23
"e:\Sandip_da\Project\New_Project\chartdoc_web\src\app\user\manage-user\manage-user.component.css", "CSS", 0, 0, 0, 0, 0, 0, 0, 0, 0, 1, 1
"e:\Sandip_da\Project\New_Project\chartdoc_web\src\app\user\manage-user\manage-user.component.html", "HTML", 89, 0, 0, 0, 0, 0, 0, 0, 4, 19, 112
"e:\Sandip_da\Project\New_Project\chartdoc_web\src\app\user\manage-user\manage-user.component.spec.ts", "TypeScript", 0, 20, 0, 0, 0, 0, 0, 0, 0, 6, 26
"e:\Sandip_da\Project\New_Project\chartdoc_web\src\app\user\manage-user\manage-user.component.ts", "TypeScript", 0, 48, 0, 0, 0, 0, 0, 0, 0, 12, 60
"e:\Sandip_da\Project\New_Project\chartdoc_web\src\app\user\manage-user\manage-user.module.ts", "TypeScript", 0, 20, 0, 0, 0, 0, 0, 0, 0, 5, 25
"e:\Sandip_da\Project\New_Project\chartdoc_web\src\app\user\manage-user\manage-user.routing.module.ts", "TypeScript", 0, 11, 0, 0, 0, 0, 0, 0, 0, 4, 15
"e:\Sandip_da\Project\New_Project\chartdoc_web\src\app\user\new-user\user.component.css", "CSS", 0, 0, 11, 0, 0, 0, 0, 0, 55, 0, 66
"e:\Sandip_da\Project\New_Project\chartdoc_web\src\app\user\new-user\user.component.html", "HTML", 218, 0, 0, 0, 0, 0, 0, 0, 33, 25, 276
"e:\Sandip_da\Project\New_Project\chartdoc_web\src\app\user\new-user\user.component.spec.ts", "TypeScript", 0, 20, 0, 0, 0, 0, 0, 0, 0, 6, 26
"e:\Sandip_da\Project\New_Project\chartdoc_web\src\app\user\new-user\user.component.ts", "TypeScript", 0, 298, 0, 0, 0, 0, 0, 0, 19, 40, 357
"e:\Sandip_da\Project\New_Project\chartdoc_web\src\app\user\new-user\user.module.ts", "TypeScript", 0, 24, 0, 0, 0, 0, 0, 0, 0, 3, 27
"e:\Sandip_da\Project\New_Project\chartdoc_web\src\app\user\new-user\user.routing.module.ts", "TypeScript", 0, 11, 0, 0, 0, 0, 0, 0, 0, 2, 13
"e:\Sandip_da\Project\New_Project\chartdoc_web\src\assets\configs\env-variables-prod.json", "JSON", 0, 0, 0, 8, 0, 0, 0, 0, 0, 0, 8
"e:\Sandip_da\Project\New_Project\chartdoc_web\src\assets\configs\env-variables.json", "JSON", 0, 0, 0, 8, 0, 0, 0, 0, 0, 0, 8
"e:\Sandip_da\Project\New_Project\chartdoc_web\src\assets\css\animate.min.css", "CSS", 0, 0, 2, 0, 0, 0, 0, 0, 4, 0, 6
"e:\Sandip_da\Project\New_Project\chartdoc_web\src\assets\css\style.css", "CSS", 0, 0, 7894, 0, 0, 0, 0, 0, 676, 417, 8987
"e:\Sandip_da\Project\New_Project\chartdoc_web\src\assets\css\style_Old1.css", "CSS", 0, 0, 7877, 0, 0, 0, 0, 0, 576, 420, 8873
"e:\Sandip_da\Project\New_Project\chartdoc_web\src\assets\data\calendars\crm-calendar.js", "JavaScript", 0, 0, 0, 0, 0, 110, 0, 0, 27, 47, 184
"e:\Sandip_da\Project\New_Project\chartdoc_web\src\assets\data\calendars\hos-doc-schedule.js", "JavaScript", 0, 0, 0, 0, 0, 110, 0, 0, 27, 47, 184
"e:\Sandip_da\Project\New_Project\chartdoc_web\src\assets\data\calendars\hos-events.js", "JavaScript", 0, 0, 0, 0, 0, 110, 0, 0, 27, 47, 184
"e:\Sandip_da\Project\New_Project\chartdoc_web\src\assets\data\calendars\mus-events.js", "JavaScript", 0, 0, 0, 0, 0, 105, 0, 0, 27, 47, 179
"e:\Sandip_da\Project\New_Project\chartdoc_web\src\assets\data\calendars\uni-events.js", "JavaScript", 0, 0, 0, 0, 0, 110, 0, 0, 27, 47, 184
"e:\Sandip_da\Project\New_Project\chartdoc_web\src\assets\fonts\font-awesome\css\font-awesome.css", "CSS", 0, 0, 2016, 0, 0, 0, 0, 0, 10, 1, 2027
"e:\Sandip_da\Project\New_Project\chartdoc_web\src\assets\fonts\font-awesome\css\font-awesome.min.css", "CSS", 0, 0, 1, 0, 0, 0, 0, 0, 3, 1, 5
"e:\Sandip_da\Project\New_Project\chartdoc_web\src\assets\fonts\font-awesome\fonts\fontawesome-webfont.svg", "XML", 0, 0, 0, 0, 640, 0, 0, 0, 0, 0, 640
"e:\Sandip_da\Project\New_Project\chartdoc_web\src\assets\fonts\font-awesome\less\animated.less", "Less", 0, 0, 0, 0, 0, 0, 0, 28, 2, 5, 35
"e:\Sandip_da\Project\New_Project\chartdoc_web\src\assets\fonts\font-awesome\less\bordered-pulled.less", "Less", 0, 0, 0, 0, 0, 0, 0, 17, 3, 6, 26
"e:\Sandip_da\Project\New_Project\chartdoc_web\src\assets\fonts\font-awesome\less\core.less", "Less", 0, 0, 0, 0, 0, 0, 0, 8, 2, 3, 13
"e:\Sandip_da\Project\New_Project\chartdoc_web\src\assets\fonts\font-awesome\less\fixed-width.less", "Less", 0, 0, 0, 0, 0, 0, 0, 4, 2, 1, 7
"e:\Sandip_da\Project\New_Project\chartdoc_web\src\assets\fonts\font-awesome\less\font-awesome.less", "Less", 0, 0, 0, 0, 0, 0, 0, 12, 4, 2, 18
"e:\Sandip_da\Project\New_Project\chartdoc_web\src\assets\fonts\font-awesome\less\icons.less", "Less", 0, 0, 0, 0, 0, 0, 0, 674, 2, 2, 678
"e:\Sandip_da\Project\New_Project\chartdoc_web\src\assets\fonts\font-awesome\less\larger.less", "Less", 0, 0, 0, 0, 0, 0, 0, 9, 3, 2, 14
"e:\Sandip_da\Project\New_Project\chartdoc_web\src\assets\fonts\font-awesome\less\list.less", "Less", 0, 0, 0, 0, 0, 0, 0, 16, 2, 2, 20
"e:\Sandip_da\Project\New_Project\chartdoc_web\src\assets\fonts\font-awesome\less\mixins.less", "Less", 0, 0, 0, 0, 0, 0, 0, 20, 2, 5, 27
"e:\Sandip_da\Project\New_Project\chartdoc_web\src\assets\fonts\font-awesome\less\path.less", "Less", 0, 0, 0, 0, 0, 0, 0, 11, 3, 2, 16
"e:\Sandip_da\Project\New_Project\chartdoc_web\src\assets\fonts\font-awesome\less\rotated-flipped.less", "Less", 0, 0, 0, 0, 0, 0, 0, 12, 4, 5, 21
"e:\Sandip_da\Project\New_Project\chartdoc_web\src\assets\fonts\font-awesome\less\stacked.less", "Less", 0, 0, 0, 0, 0, 0, 0, 17, 2, 2, 21
"e:\Sandip_da\Project\New_Project\chartdoc_web\src\assets\fonts\font-awesome\less\variables.less", "Less", 0, 0, 0, 0, 0, 0, 0, 682, 3, 4, 689
"e:\Sandip_da\Project\New_Project\chartdoc_web\src\assets\fonts\font-awesome\scss\_animated.scss", "SCSS", 0, 0, 0, 0, 0, 0, 28, 0, 2, 5, 35
"e:\Sandip_da\Project\New_Project\chartdoc_web\src\assets\fonts\font-awesome\scss\_bordered-pulled.scss", "SCSS", 0, 0, 0, 0, 0, 0, 17, 0, 3, 6, 26
"e:\Sandip_da\Project\New_Project\chartdoc_web\src\assets\fonts\font-awesome\scss\_core.scss", "SCSS", 0, 0, 0, 0, 0, 0, 8, 0, 2, 3, 13
"e:\Sandip_da\Project\New_Project\chartdoc_web\src\assets\fonts\font-awesome\scss\_fixed-width.scss", "SCSS", 0, 0, 0, 0, 0, 0, 4, 0, 2, 1, 7
"e:\Sandip_da\Project\New_Project\chartdoc_web\src\assets\fonts\font-awesome\scss\_icons.scss", "SCSS", 0, 0, 0, 0, 0, 0, 674, 0, 2, 2, 678
"e:\Sandip_da\Project\New_Project\chartdoc_web\src\assets\fonts\font-awesome\scss\_larger.scss", "SCSS", 0, 0, 0, 0, 0, 0, 9, 0, 3, 2, 14
"e:\Sandip_da\Project\New_Project\chartdoc_web\src\assets\fonts\font-awesome\scss\_list.scss", "SCSS", 0, 0, 0, 0, 0, 0, 16, 0, 2, 2, 20
"e:\Sandip_da\Project\New_Project\chartdoc_web\src\assets\fonts\font-awesome\scss\_mixins.scss", "SCSS", 0, 0, 0, 0, 0, 0, 20, 0, 2, 5, 27
"e:\Sandip_da\Project\New_Project\chartdoc_web\src\assets\fonts\font-awesome\scss\_path.scss", "SCSS", 0, 0, 0, 0, 0, 0, 11, 0, 3, 2, 16
"e:\Sandip_da\Project\New_Project\chartdoc_web\src\assets\fonts\font-awesome\scss\_rotated-flipped.scss", "SCSS", 0, 0, 0, 0, 0, 0, 12, 0, 4, 5, 21
"e:\Sandip_da\Project\New_Project\chartdoc_web\src\assets\fonts\font-awesome\scss\_stacked.scss", "SCSS", 0, 0, 0, 0, 0, 0, 17, 0, 2, 2, 21
"e:\Sandip_da\Project\New_Project\chartdoc_web\src\assets\fonts\font-awesome\scss\_variables.scss", "SCSS", 0, 0, 0, 0, 0, 0, 682, 0, 3, 4, 689
"e:\Sandip_da\Project\New_Project\chartdoc_web\src\assets\fonts\font-awesome\scss\font-awesome.scss", "SCSS", 0, 0, 0, 0, 0, 0, 12, 0, 4, 2, 18
"e:\Sandip_da\Project\New_Project\chartdoc_web\src\assets\images\baseline-file-upload.svg", "XML", 0, 0, 0, 0, 1, 0, 0, 0, 0, 0, 1
"e:\Sandip_da\Project\New_Project\chartdoc_web\src\assets\images\ic-delete-file.svg", "XML", 0, 0, 0, 0, 3, 0, 0, 0, 0, 1, 4
"e:\Sandip_da\Project\New_Project\chartdoc_web\src\assets\images\ic-download-file.svg", "XML", 0, 0, 0, 0, 50, 0, 0, 0, 0, 1, 51
"e:\Sandip_da\Project\New_Project\chartdoc_web\src\assets\images\ic-file.svg", "XML", 0, 0, 0, 0, 43, 0, 0, 0, 1, 1, 45
"e:\Sandip_da\Project\New_Project\chartdoc_web\src\assets\images\ic-upload-file.svg", "XML", 0, 0, 0, 0, 7, 0, 0, 0, 0, 1, 8
"e:\Sandip_da\Project\New_Project\chartdoc_web\src\assets\js\blo-dashboard.js", "JavaScript", 0, 0, 0, 0, 0, 272, 0, 0, 35, 94, 401
"e:\Sandip_da\Project\New_Project\chartdoc_web\src\assets\js\chart-chartjs.js", "JavaScript", 0, 0, 0, 0, 0, 176, 0, 0, 17, 52, 245
"e:\Sandip_da\Project\New_Project\chartdoc_web\src\assets\js\chart-easypie.js", "JavaScript", 0, 0, 0, 0, 0, 169, 0, 0, 11, 47, 227
"e:\Sandip_da\Project\New_Project\chartdoc_web\src\assets\js\chart-echarts.js", "JavaScript", 0, 0, 0, 0, 0, 1890, 0, 0, 196, 243, 2329
"e:\Sandip_da\Project\New_Project\chartdoc_web\src\assets\js\chart-flot.js", "JavaScript", 0, 0, 0, 0, 0, 1883, 0, 0, 65, 274, 2222
"e:\Sandip_da\Project\New_Project\chartdoc_web\src\assets\js\chart-knobs.js", "JavaScript", 0, 0, 0, 0, 0, 106, 0, 0, 18, 31, 155
"e:\Sandip_da\Project\New_Project\chartdoc_web\src\assets\js\chart-morris.js", "JavaScript", 0, 0, 0, 0, 0, 347, 0, 0, 27, 37, 411
"e:\Sandip_da\Project\New_Project\chartdoc_web\src\assets\js\chart-sparkline.js", "JavaScript", 0, 0, 0, 0, 0, 305, 0, 0, 25, 54, 384
"e:\Sandip_da\Project\New_Project\chartdoc_web\src\assets\js\crm-dashboard.js", "JavaScript", 0, 0, 0, 0, 0, 218, 0, 0, 24, 46, 288
"e:\Sandip_da\Project\New_Project\chartdoc_web\src\assets\js\dashboard.js", "JavaScript", 0, 0, 0, 0, 0, 777, 0, 0, 76, 125, 978
"e:\Sandip_da\Project\New_Project\chartdoc_web\src\assets\js\eco-dashboard.js", "JavaScript", 0, 0, 0, 0, 0, 102, 0, 0, 17, 35, 154
"e:\Sandip_da\Project\New_Project\chartdoc_web\src\assets\js\form-validation.js", "JavaScript", 0, 0, 0, 0, 0, 217, 0, 0, 5, 59, 281
"e:\Sandip_da\Project\New_Project\chartdoc_web\src\assets\js\frl-dashboard.js", "JavaScript", 0, 0, 0, 0, 0, 123, 0, 0, 21, 44, 188
"e:\Sandip_da\Project\New_Project\chartdoc_web\src\assets\js\hos-dashboard.js", "JavaScript", 0, 0, 0, 0, 0, 326, 0, 0, 43, 94, 463
"e:\Sandip_da\Project\New_Project\chartdoc_web\src\assets\js\jquery-1.11.2.min.js", "JavaScript", 0, 0, 0, 0, 0, 3, 0, 0, 1, 1, 5
"e:\Sandip_da\Project\New_Project\chartdoc_web\src\assets\js\jquery-3.2.1.min.js", "JavaScript", 0, 0, 0, 0, 0, 3, 0, 0, 1, 1, 5
"e:\Sandip_da\Project\New_Project\chartdoc_web\src\assets\js\jquery.easing.min.js", "JavaScript", 0, 0, 0, 0, 0, 1, 0, 0, 43, 1, 45
"e:\Sandip_da\Project\New_Project\chartdoc_web\src\assets\js\messenger.js", "JavaScript", 0, 0, 0, 0, 0, 37, 0, 0, 0, 3, 40
"e:\Sandip_da\Project\New_Project\chartdoc_web\src\assets\js\mus-dashboard.html", "HTML", 23, 0, 0, 0, 0, 0, 0, 0, 0, 6, 29
"e:\Sandip_da\Project\New_Project\chartdoc_web\src\assets\js\popper.min.js", "JavaScript", 0, 0, 0, 0, 0, 1, 0, 0, 4, 1, 6
"e:\Sandip_da\Project\New_Project\chartdoc_web\src\assets\js\scripts.js", "JavaScript", 0, 0, 0, 0, 0, 2540, 0, 0, 343, 617, 3500
"e:\Sandip_da\Project\New_Project\chartdoc_web\src\assets\js\soc-dashboard.js", "JavaScript", 0, 0, 0, 0, 0, 325, 0, 0, 37, 93, 455
"e:\Sandip_da\Project\New_Project\chartdoc_web\src\assets\js\uni-dashboard.js", "JavaScript", 0, 0, 0, 0, 0, 362, 0, 0, 38, 93, 493
"e:\Sandip_da\Project\New_Project\chartdoc_web\src\assets\packages\core\main.css", "CSS", 0, 0, 699, 0, 0, 0, 0, 0, 200, 154, 1053
"e:\Sandip_da\Project\New_Project\chartdoc_web\src\assets\packages\core\main.js", "JavaScript", 0, 0, 0, 0, 0, 7872, 0, 0, 757, 89, 8718
"e:\Sandip_da\Project\New_Project\chartdoc_web\src\assets\packages\daygrid\main.css", "CSS", 0, 0, 54, 0, 0, 0, 0, 0, 11, 14, 79
"e:\Sandip_da\Project\New_Project\chartdoc_web\src\assets\packages\daygrid\main.js", "JavaScript", 0, 0, 0, 0, 0, 1444, 0, 0, 176, 22, 1642
"e:\Sandip_da\Project\New_Project\chartdoc_web\src\assets\packages\interaction\main.js", "JavaScript", 0, 0, 0, 0, 0, 1897, 0, 0, 221, 26, 2144
"e:\Sandip_da\Project\New_Project\chartdoc_web\src\assets\packages\list\main.css", "CSS", 0, 0, 82, 0, 0, 0, 0, 0, 15, 22, 119
"e:\Sandip_da\Project\New_Project\chartdoc_web\src\assets\packages\list\main.js", "JavaScript", 0, 0, 0, 0, 0, 300, 0, 0, 33, 11, 344
"e:\Sandip_da\Project\New_Project\chartdoc_web\src\assets\packages\resource-common\main.min.js", "JavaScript", 0, 0, 0, 0, 0, 1, 0, 0, 5, 0, 6
"e:\Sandip_da\Project\New_Project\chartdoc_web\src\assets\packages\resource-daygrid\main.min.js", "JavaScript", 0, 0, 0, 0, 0, 1, 0, 0, 5, 0, 6
"e:\Sandip_da\Project\New_Project\chartdoc_web\src\assets\packages\resource-timegrid\main.min.js", "JavaScript", 0, 0, 0, 0, 0, 1, 0, 0, 5, 0, 6
"e:\Sandip_da\Project\New_Project\chartdoc_web\src\assets\packages\timegrid\main.css", "CSS", 0, 0, 203, 0, 0, 0, 0, 0, 60, 47, 310
"e:\Sandip_da\Project\New_Project\chartdoc_web\src\assets\packages\timegrid\main.js", "JavaScript", 0, 0, 0, 0, 0, 1153, 0, 0, 187, 21, 1361
"e:\Sandip_da\Project\New_Project\chartdoc_web\src\assets\plugins\autonumeric\autoNumeric-min.js", "JavaScript", 0, 0, 0, 0, 0, 1, 0, 0, 34, 0, 35
"e:\Sandip_da\Project\New_Project\chartdoc_web\src\assets\plugins\autosize\autosize.min.js", "JavaScript", 0, 0, 0, 0, 0, 1, 0, 0, 5, 0, 6
"e:\Sandip_da\Project\New_Project\chartdoc_web\src\assets\plugins\bootstrap-wizard\jquery.bootstrap.wizard.min.js", "JavaScript", 0, 0, 0, 0, 0, 11, 0, 0, 11, 1, 23
"e:\Sandip_da\Project\New_Project\chartdoc_web\src\assets\plugins\bootstrap3-wysihtml5\css\bootstrap3-wysihtml5.min.css", "CSS", 0, 0, 1, 0, 0, 0, 0, 0, 1, 1, 3
"e:\Sandip_da\Project\New_Project\chartdoc_web\src\assets\plugins\bootstrap3-wysihtml5\js\bootstrap3-wysihtml5.all.js", "JavaScript", 0, 0, 0, 0, 0, 11251, 0, 0, 1902, 1823, 14976
"e:\Sandip_da\Project\New_Project\chartdoc_web\src\assets\plugins\bootstrap3-wysihtml5\js\bootstrap3-wysihtml5.all.min.js", "JavaScript", 0, 0, 0, 0, 0, 7, 0, 0, 1, 0, 8
"e:\Sandip_da\Project\New_Project\chartdoc_web\src\assets\plugins\bootstrap\css\bootstrap.min.css", "CSS", 0, 0, 1, 0, 0, 0, 0, 0, 6, 0, 7
"e:\Sandip_da\Project\New_Project\chartdoc_web\src\assets\plugins\bootstrap\css\bootstrap4-toggle.min.css", "CSS", 0, 0, 196, 0, 0, 0, 0, 0, 13, 1, 210
"e:\Sandip_da\Project\New_Project\chartdoc_web\src\assets\plugins\bootstrap\js\bootstrap.min.js", "JavaScript", 0, 0, 0, 0, 0, 1, 0, 0, 6, 0, 7
"e:\Sandip_da\Project\New_Project\chartdoc_web\src\assets\plugins\bootstrap\js\bootstrap4-toggle.min.js", "JavaScript", 0, 0, 0, 0, 0, 2, 0, 0, 10, 1, 13
"e:\Sandip_da\Project\New_Project\chartdoc_web\src\assets\plugins\calendar\fullcalendar.css", "CSS", 0, 0, 796, 0, 0, 0, 0, 0, 248, 222, 1266
"e:\Sandip_da\Project\New_Project\chartdoc_web\src\assets\plugins\calendar\fullcalendar.min.js", "JavaScript", 0, 0, 0, 0, 0, 7, 0, 0, 5, 0, 12
"e:\Sandip_da\Project\New_Project\chartdoc_web\src\assets\plugins\calendar\moment.min.js", "JavaScript", 0, 0, 0, 0, 0, 2, 0, 0, 5, 0, 7
"e:\Sandip_da\Project\New_Project\chartdoc_web\src\assets\plugins\chartjs-chart\Chart.min.js", "JavaScript", 0, 0, 0, 0, 0, 2, 0, 0, 9, 0, 11
"e:\Sandip_da\Project\New_Project\chartdoc_web\src\assets\plugins\ckeditor\ckeditor.js", "JavaScript", 0, 0, 0, 0, 0, 989, 0, 0, 7, 0, 996
"e:\Sandip_da\Project\New_Project\chartdoc_web\src\assets\plugins\colorpicker\css\bootstrap-colorpicker.min.css", "CSS", 0, 0, 1, 0, 0, 0, 0, 0, 8, 0, 9
"e:\Sandip_da\Project\New_Project\chartdoc_web\src\assets\plugins\colorpicker\js\bootstrap-colorpicker.min.js", "JavaScript", 0, 0, 0, 0, 0, 1, 0, 0, 0, 0, 1
"e:\Sandip_da\Project\New_Project\chartdoc_web\src\assets\plugins\count-to\countto.js", "JavaScript", 0, 0, 0, 0, 0, 106, 0, 0, 3, 22, 131
"e:\Sandip_da\Project\New_Project\chartdoc_web\src\assets\plugins\datatables\css\dataTables.min.html", "HTML", 23, 0, 0, 0, 0, 0, 0, 0, 0, 6, 29
"e:\Sandip_da\Project\New_Project\chartdoc_web\src\assets\plugins\datatables\css\datatables.min.css", "CSS", 0, 0, 89, 0, 0, 0, 0, 0, 11, 29, 129
"e:\Sandip_da\Project\New_Project\chartdoc_web\src\assets\plugins\datatables\js\dataTables.min.html", "HTML", 23, 0, 0, 0, 0, 0, 0, 0, 0, 6, 29
"e:\Sandip_da\Project\New_Project\chartdoc_web\src\assets\plugins\datepicker\css\datepicker.css", "CSS", 0, 0, 166, 0, 0, 0, 0, 0, 13, 3, 182
"e:\Sandip_da\Project\New_Project\chartdoc_web\src\assets\plugins\datepicker\js\datepicker.js", "JavaScript", 0, 0, 0, 0, 0, 1240, 0, 0, 69, 87, 1396
"e:\Sandip_da\Project\New_Project\chartdoc_web\src\assets\plugins\daterangepicker\css\daterangepicker-bs3.css", "CSS", 0, 0, 307, 0, 0, 0, 0, 0, 13, 56, 376
"e:\Sandip_da\Project\New_Project\chartdoc_web\src\assets\plugins\daterangepicker\js\daterangepicker.js", "JavaScript", 0, 0, 0, 0, 0, 1102, 0, 0, 105, 287, 1494
"e:\Sandip_da\Project\New_Project\chartdoc_web\src\assets\plugins\daterangepicker\js\moment.min.js", "JavaScript", 0, 0, 0, 0, 0, 2, 0, 0, 5, 0, 7
"e:\Sandip_da\Project\New_Project\chartdoc_web\src\assets\plugins\dropzone\css\dropzone.css", "CSS", 0, 0, 383, 0, 0, 0, 0, 0, 4, 2, 389
"e:\Sandip_da\Project\New_Project\chartdoc_web\src\assets\plugins\dropzone\dropzone.min.js", "JavaScript", 0, 0, 0, 0, 0, 2, 0, 0, 0, 0, 2
"e:\Sandip_da\Project\New_Project\chartdoc_web\src\assets\plugins\easypiechart\jquery.easypiechart.min.js", "JavaScript", 0, 0, 0, 0, 0, 1, 0, 0, 8, 0, 9
"e:\Sandip_da\Project\New_Project\chartdoc_web\src\assets\plugins\echarts\echarts-all.js", "JavaScript", 0, 0, 0, 0, 0, 28, 0, 0, 0, 7, 35
"e:\Sandip_da\Project\New_Project\chartdoc_web\src\assets\plugins\echarts\echarts-custom-for-dashboard.js", "JavaScript", 0, 0, 0, 0, 0, 14, 0, 0, 0, 0, 14
"e:\Sandip_da\Project\New_Project\chartdoc_web\src\assets\plugins\flot-chart\jquery.flot.crosshair.js", "JavaScript", 0, 0, 0, 0, 0, 94, 0, 0, 60, 23, 177
"e:\Sandip_da\Project\New_Project\chartdoc_web\src\assets\plugins\flot-chart\jquery.flot.fillbetween.js", "JavaScript", 0, 0, 0, 0, 0, 129, 0, 0, 42, 56, 227
"e:\Sandip_da\Project\New_Project\chartdoc_web\src\assets\plugins\flot-chart\jquery.flot.js", "JavaScript", 0, 0, 0, 0, 0, 2239, 0, 0, 404, 526, 3169
"e:\Sandip_da\Project\New_Project\chartdoc_web\src\assets\plugins\flot-chart\jquery.flot.navigate.js", "JavaScript", 0, 0, 0, 0, 0, 199, 0, 0, 101, 47, 347
"e:\Sandip_da\Project\New_Project\chartdoc_web\src\assets\plugins\flot-chart\jquery.flot.pie.js", "JavaScript", 0, 0, 0, 0, 0, 526, 0, 0, 128, 167, 821
"e:\Sandip_da\Project\New_Project\chartdoc_web\src\assets\plugins\flot-chart\jquery.flot.selection.js", "JavaScript", 0, 0, 0, 0, 0, 208, 0, 0, 96, 57, 361
"e:\Sandip_da\Project\New_Project\chartdoc_web\src\assets\plugins\flot-chart\jquery.flot.stack.js", "JavaScript", 0, 0, 0, 0, 0, 118, 0, 0, 46, 25, 189
"e:\Sandip_da\Project\New_Project\chartdoc_web\src\assets\plugins\flot-chart\jquery.flot.time.js", "JavaScript", 0, 0, 0, 0, 0, 308, 0, 0, 44, 81, 433
"e:\Sandip_da\Project\New_Project\chartdoc_web\src\assets\plugins\gauge\gauge.min.js", "JavaScript", 0, 0, 0, 0, 0, 60, 0, 0, 0, 1, 61
"e:\Sandip_da\Project\New_Project\chartdoc_web\src\assets\plugins\icheck\icheck.min.js", "JavaScript", 0, 0, 0, 0, 0, 10, 0, 0, 1, 1, 12
"e:\Sandip_da\Project\New_Project\chartdoc_web\src\assets\plugins\icheck\skins\all.css", "CSS", 0, 0, 4, 0, 0, 0, 0, 0, 58, 3, 65
"e:\Sandip_da\Project\New_Project\chartdoc_web\src\assets\plugins\icheck\skins\flat\_all.css", "CSS", 0, 0, 470, 0, 0, 0, 0, 0, 21, 39, 530
"e:\Sandip_da\Project\New_Project\chartdoc_web\src\assets\plugins\icheck\skins\line\_all.css", "CSS", 0, 0, 670, 0, 0, 0, 0, 0, 21, 19, 710
"e:\Sandip_da\Project\New_Project\chartdoc_web\src\assets\plugins\icheck\skins\minimal\_all.css", "CSS", 0, 0, 583, 0, 0, 0, 0, 0, 23, 43, 649
"e:\Sandip_da\Project\New_Project\chartdoc_web\src\assets\plugins\icheck\skins\minimal\minimal.css", "CSS", 0, 0, 53, 0, 0, 0, 0, 0, 3, 3, 59
"e:\Sandip_da\Project\New_Project\chartdoc_web\src\assets\plugins\icheck\skins\minimal\white.css", "CSS", 0, 0, 53, 0, 0, 0, 0, 0, 3, 3, 59
"e:\Sandip_da\Project\New_Project\chartdoc_web\src\assets\plugins\icheck\skins\square\_all.css", "CSS", 0, 0, 583, 0, 0, 0, 0, 0, 23, 43, 649
"e:\Sandip_da\Project\New_Project\chartdoc_web\src\assets\plugins\image-cropper\css\cropper.css", "CSS", 0, 0, 264, 0, 0, 0, 0, 0, 9, 21, 294
"e:\Sandip_da\Project\New_Project\chartdoc_web\src\assets\plugins\image-cropper\css\main.css", "CSS", 0, 0, 195, 0, 0, 0, 0, 0, 9, 54, 258
"e:\Sandip_da\Project\New_Project\chartdoc_web\src\assets\plugins\image-cropper\js\cropper.js", "JavaScript", 0, 0, 0, 0, 0, 1982, 0, 0, 228, 474, 2684
"e:\Sandip_da\Project\New_Project\chartdoc_web\src\assets\plugins\image-cropper\js\main.js", "JavaScript", 0, 0, 0, 0, 0, 175, 0, 0, 10, 48, 233
"e:\Sandip_da\Project\New_Project\chartdoc_web\src\assets\plugins\inputmask\min\jquery.inputmask.bundle.min.js", "JavaScript", 0, 0, 0, 0, 0, 3, 0, 0, 7, 0, 10
"e:\Sandip_da\Project\New_Project\chartdoc_web\src\assets\plugins\isotope\jquery.isotope.min.js", "JavaScript", 0, 0, 0, 0, 0, 1, 0, 0, 12, 0, 13
"e:\Sandip_da\Project\New_Project\chartdoc_web\src\assets\plugins\isotope\jquery.isotope.sloppy-masonry.min.js", "JavaScript", 0, 0, 0, 0, 0, 3, 0, 0, 3, 0, 6
"e:\Sandip_da\Project\New_Project\chartdoc_web\src\assets\plugins\jquery-knob\jquery.knob.min.js", "JavaScript", 0, 0, 0, 0, 0, 1, 0, 0, 0, 0, 1
"e:\Sandip_da\Project\New_Project\chartdoc_web\src\assets\plugins\jquery-ui\smoothness\jquery-ui.min.css", "CSS", 0, 0, 1, 0, 0, 0, 0, 0, 5, 1, 7
"e:\Sandip_da\Project\New_Project\chartdoc_web\src\assets\plugins\jquery-ui\smoothness\jquery-ui.min.js", "JavaScript", 0, 0, 0, 0, 0, 8, 0, 0, 4, 1, 13
"e:\Sandip_da\Project\New_Project\chartdoc_web\src\assets\plugins\jquery-validation\js\additional-methods.min.js", "JavaScript", 0, 0, 0, 0, 0, 1, 0, 0, 3, 0, 4
"e:\Sandip_da\Project\New_Project\chartdoc_web\src\assets\plugins\jquery-validation\js\jquery.validate.min.js", "JavaScript", 0, 0, 0, 0, 0, 1, 0, 0, 3, 0, 4
"e:\Sandip_da\Project\New_Project\chartdoc_web\src\assets\plugins\jvectormap\jquery-jvectormap-2.0.1.css", "CSS", 0, 0, 108, 0, 0, 0, 0, 0, 0, 21, 129
"e:\Sandip_da\Project\New_Project\chartdoc_web\src\assets\plugins\jvectormap\jquery-jvectormap-2.0.1.min.js", "JavaScript", 0, 0, 0, 0, 0, 2348, 0, 0, 574, 407, 3329
"e:\Sandip_da\Project\New_Project\chartdoc_web\src\assets\plugins\jvectormap\jquery-jvectormap-ar-mill-en.js", "JavaScript", 0, 0, 0, 0, 0, 1, 0, 0, 0, 0, 1
"e:\Sandip_da\Project\New_Project\chartdoc_web\src\assets\plugins\jvectormap\jquery-jvectormap-at-mill-en.js", "JavaScript", 0, 0, 0, 0, 0, 1, 0, 0, 0, 0, 1
"e:\Sandip_da\Project\New_Project\chartdoc_web\src\assets\plugins\jvectormap\jquery-jvectormap-au-mill-en.js", "JavaScript", 0, 0, 0, 0, 0, 1, 0, 0, 0, 0, 1
"e:\Sandip_da\Project\New_Project\chartdoc_web\src\assets\plugins\jvectormap\jquery-jvectormap-be-mill-en.js", "JavaScript", 0, 0, 0, 0, 0, 1, 0, 0, 0, 0, 1
"e:\Sandip_da\Project\New_Project\chartdoc_web\src\assets\plugins\jvectormap\jquery-jvectormap-ca-lcc-en.js", "JavaScript", 0, 0, 0, 0, 0, 1, 0, 0, 0, 0, 1
"e:\Sandip_da\Project\New_Project\chartdoc_web\src\assets\plugins\jvectormap\jquery-jvectormap-ch-mill-en.js", "JavaScript", 0, 0, 0, 0, 0, 1, 0, 0, 0, 0, 1
"e:\Sandip_da\Project\New_Project\chartdoc_web\src\assets\plugins\jvectormap\jquery-jvectormap-cn-mill-en.js", "JavaScript", 0, 0, 0, 0, 0, 1, 0, 0, 0, 0, 1
"e:\Sandip_da\Project\New_Project\chartdoc_web\src\assets\plugins\jvectormap\jquery-jvectormap-co-mill-en.js", "JavaScript", 0, 0, 0, 0, 0, 1, 0, 0, 0, 0, 1
"e:\Sandip_da\Project\New_Project\chartdoc_web\src\assets\plugins\jvectormap\jquery-jvectormap-de-mill-en.js", "JavaScript", 0, 0, 0, 0, 0, 1, 0, 0, 0, 0, 1
"e:\Sandip_da\Project\New_Project\chartdoc_web\src\assets\plugins\jvectormap\jquery-jvectormap-dk-mill-en.js", "JavaScript", 0, 0, 0, 0, 0, 1, 0, 0, 0, 0, 1
"e:\Sandip_da\Project\New_Project\chartdoc_web\src\assets\plugins\jvectormap\jquery-jvectormap-es-mill-en.js", "JavaScript", 0, 0, 0, 0, 0, 1, 0, 0, 0, 0, 1
"e:\Sandip_da\Project\New_Project\chartdoc_web\src\assets\plugins\jvectormap\jquery-jvectormap-europe-mill-en.js", "JavaScript", 0, 0, 0, 0, 0, 1, 0, 0, 0, 0, 1
"e:\Sandip_da\Project\New_Project\chartdoc_web\src\assets\plugins\jvectormap\jquery-jvectormap-fr-mill-en.js", "JavaScript", 0, 0, 0, 0, 0, 1, 0, 0, 0, 0, 1
"e:\Sandip_da\Project\New_Project\chartdoc_web\src\assets\plugins\jvectormap\jquery-jvectormap-fr_regions-mill-en.js", "JavaScript", 0, 0, 0, 0, 0, 1, 0, 0, 0, 0, 1
"e:\Sandip_da\Project\New_Project\chartdoc_web\src\assets\plugins\jvectormap\jquery-jvectormap-in-mill-en.js", "JavaScript", 0, 0, 0, 0, 0, 1, 0, 0, 0, 0, 1
"e:\Sandip_da\Project\New_Project\chartdoc_web\src\assets\plugins\jvectormap\jquery-jvectormap-it-mill-en.js", "JavaScript", 0, 0, 0, 0, 0, 1, 0, 0, 0, 0, 1
"e:\Sandip_da\Project\New_Project\chartdoc_web\src\assets\plugins\jvectormap\jquery-jvectormap-nl-mill-en.js", "JavaScript", 0, 0, 0, 0, 0, 1, 0, 0, 0, 0, 1
"e:\Sandip_da\Project\New_Project\chartdoc_web\src\assets\plugins\jvectormap\jquery-jvectormap-no-mill-en.js", "JavaScript", 0, 0, 0, 0, 0, 1, 0, 0, 0, 0, 1
"e:\Sandip_da\Project\New_Project\chartdoc_web\src\assets\plugins\jvectormap\jquery-jvectormap-nz-mill-en.js", "JavaScript", 0, 0, 0, 0, 0, 1, 0, 0, 0, 0, 1
"e:\Sandip_da\Project\New_Project\chartdoc_web\src\assets\plugins\jvectormap\jquery-jvectormap-pl-mill-en.js", "JavaScript", 0, 0, 0, 0, 0, 1, 0, 0, 0, 0, 1
"e:\Sandip_da\Project\New_Project\chartdoc_web\src\assets\plugins\jvectormap\jquery-jvectormap-pt-mill-en.js", "JavaScript", 0, 0, 0, 0, 0, 1, 0, 0, 0, 0, 1
"e:\Sandip_da\Project\New_Project\chartdoc_web\src\assets\plugins\jvectormap\jquery-jvectormap-se-mill-en.js", "JavaScript", 0, 0, 0, 0, 0, 1, 0, 0, 0, 0, 1
"e:\Sandip_da\Project\New_Project\chartdoc_web\src\assets\plugins\jvectormap\jquery-jvectormap-th-mill-en.js", "JavaScript", 0, 0, 0, 0, 0, 1, 0, 0, 0, 0, 1
"e:\Sandip_da\Project\New_Project\chartdoc_web\src\assets\plugins\jvectormap\jquery-jvectormap-us-aea-en.js", "JavaScript", 0, 0, 0, 0, 0, 1, 0, 0, 0, 0, 1
"e:\Sandip_da\Project\New_Project\chartdoc_web\src\assets\plugins\jvectormap\jquery-jvectormap-us-il-chicago-mill-en.js", "JavaScript", 0, 0, 0, 0, 0, 1, 0, 0, 0, 0, 1
"e:\Sandip_da\Project\New_Project\chartdoc_web\src\assets\plugins\jvectormap\jquery-jvectormap-us-ny-newyork-mill-en.js", "JavaScript", 0, 0, 0, 0, 0, 1, 0, 0, 0, 0, 1
"e:\Sandip_da\Project\New_Project\chartdoc_web\src\assets\plugins\jvectormap\jquery-jvectormap-ve-mill-en.js", "JavaScript", 0, 0, 0, 0, 0, 1, 0, 0, 0, 0, 1
"e:\Sandip_da\Project\New_Project\chartdoc_web\src\assets\plugins\jvectormap\jquery-jvectormap-world-mill-en.js", "JavaScript", 0, 0, 0, 0, 0, 1, 0, 0, 0, 0, 1
"e:\Sandip_da\Project\New_Project\chartdoc_web\src\assets\plugins\jvectormap\jquery-jvectormap-za-mill-en.js", "JavaScript", 0, 0, 0, 0, 0, 1, 0, 0, 0, 0, 1
"e:\Sandip_da\Project\New_Project\chartdoc_web\src\assets\plugins\messenger\css\messenger-theme-flat.css", "CSS", 0, 0, 340, 0, 0, 0, 0, 0, 63, 26, 429
"e:\Sandip_da\Project\New_Project\chartdoc_web\src\assets\plugins\messenger\css\messenger-theme-future.css", "CSS", 0, 0, 374, 0, 0, 0, 0, 0, 63, 26, 463
"e:\Sandip_da\Project\New_Project\chartdoc_web\src\assets\plugins\messenger\css\messenger.css", "CSS", 0, 0, 83, 0, 0, 0, 0, 0, 22, 1, 106
"e:\Sandip_da\Project\New_Project\chartdoc_web\src\assets\plugins\messenger\js\messenger-theme-flat.js", "JavaScript", 0, 0, 0, 0, 0, 23, 0, 0, 0, 11, 34
"e:\Sandip_da\Project\New_Project\chartdoc_web\src\assets\plugins\messenger\js\messenger-theme-future.js", "JavaScript", 0, 0, 0, 0, 0, 23, 0, 0, 0, 11, 34
"e:\Sandip_da\Project\New_Project\chartdoc_web\src\assets\plugins\messenger\js\messenger.min.js", "JavaScript", 0, 0, 0, 0, 0, 1, 0, 0, 1, 0, 2
"e:\Sandip_da\Project\New_Project\chartdoc_web\src\assets\plugins\morris-chart\css\morris.css", "CSS", 0, 0, 10, 0, 0, 0, 0, 0, 0, 1, 11
"e:\Sandip_da\Project\New_Project\chartdoc_web\src\assets\plugins\morris-chart\js\morris.min.js", "JavaScript", 0, 0, 0, 0, 0, 2, 0, 0, 5, 0, 7
"e:\Sandip_da\Project\New_Project\chartdoc_web\src\assets\plugins\morris-chart\js\raphael-min.js", "JavaScript", 0, 0, 0, 0, 0, 3, 0, 0, 8, 0, 11
"e:\Sandip_da\Project\New_Project\chartdoc_web\src\assets\plugins\multi-select\css\multi-select.css", "CSS", 0, 0, 78, 0, 0, 0, 0, 0, 0, 10, 88
"e:\Sandip_da\Project\New_Project\chartdoc_web\src\assets\plugins\multi-select\js\jquery.multi-select.js", "JavaScript", 0, 0, 0, 0, 0, 434, 0, 0, 14, 81, 529
"e:\Sandip_da\Project\New_Project\chartdoc_web\src\assets\plugins\multi-select\js\jquery.quicksearch.js", "JavaScript", 0, 0, 0, 0, 0, 135, 0, 0, 14, 33, 182
"e:\Sandip_da\Project\New_Project\chartdoc_web\src\assets\plugins\pace\pace-theme-flash.css", "CSS", 0, 0, 71, 0, 0, 0, 0, 0, 0, 5, 76
"e:\Sandip_da\Project\New_Project\chartdoc_web\src\assets\plugins\pace\pace.min.js", "JavaScript", 0, 0, 0, 0, 0, 1, 0, 0, 1, 0, 2
"e:\Sandip_da\Project\New_Project\chartdoc_web\src\assets\plugins\perfect-scrollbar\perfect-scrollbar.css", "CSS", 0, 0, 83, 0, 0, 0, 0, 0, 18, 12, 113
"e:\Sandip_da\Project\New_Project\chartdoc_web\src\assets\plugins\perfect-scrollbar\perfect-scrollbar.min.js", "JavaScript", 0, 0, 0, 0, 0, 1, 0, 0, 5, 0, 6
"e:\Sandip_da\Project\New_Project\chartdoc_web\src\assets\plugins\prettyphoto\dark_rounded\btnNext.html", "HTML", 23, 0, 0, 0, 0, 0, 0, 0, 0, 6, 29
"e:\Sandip_da\Project\New_Project\chartdoc_web\src\assets\plugins\prettyphoto\dark_rounded\btnPrevious.html", "HTML", 23, 0, 0, 0, 0, 0, 0, 0, 0, 6, 29
"e:\Sandip_da\Project\New_Project\chartdoc_web\src\assets\plugins\prettyphoto\dark_rounded\contentPattern.html", "HTML", 23, 0, 0, 0, 0, 0, 0, 0, 0, 6, 29
"e:\Sandip_da\Project\New_Project\chartdoc_web\src\assets\plugins\prettyphoto\dark_rounded\loader.html", "HTML", 23, 0, 0, 0, 0, 0, 0, 0, 0, 6, 29
"e:\Sandip_da\Project\New_Project\chartdoc_web\src\assets\plugins\prettyphoto\dark_rounded\sprite.html", "HTML", 23, 0, 0, 0, 0, 0, 0, 0, 0, 6, 29
"e:\Sandip_da\Project\New_Project\chartdoc_web\src\assets\plugins\prettyphoto\dark_square\btnNext.html", "HTML", 23, 0, 0, 0, 0, 0, 0, 0, 0, 6, 29
"e:\Sandip_da\Project\New_Project\chartdoc_web\src\assets\plugins\prettyphoto\dark_square\btnPrevious.html", "HTML", 23, 0, 0, 0, 0, 0, 0, 0, 0, 6, 29
"e:\Sandip_da\Project\New_Project\chartdoc_web\src\assets\plugins\prettyphoto\dark_square\loader.html", "HTML", 23, 0, 0, 0, 0, 0, 0, 0, 0, 6, 29
"e:\Sandip_da\Project\New_Project\chartdoc_web\src\assets\plugins\prettyphoto\dark_square\sprite.html", "HTML", 23, 0, 0, 0, 0, 0, 0, 0, 0, 6, 29
"e:\Sandip_da\Project\New_Project\chartdoc_web\src\assets\plugins\prettyphoto\facebook\btnNext.html", "HTML", 23, 0, 0, 0, 0, 0, 0, 0, 0, 6, 29
"e:\Sandip_da\Project\New_Project\chartdoc_web\src\assets\plugins\prettyphoto\facebook\btnPrevious.html", "HTML", 23, 0, 0, 0, 0, 0, 0, 0, 0, 6, 29
"e:\Sandip_da\Project\New_Project\chartdoc_web\src\assets\plugins\prettyphoto\facebook\contentPatternBottom.html", "HTML", 23, 0, 0, 0, 0, 0, 0, 0, 0, 6, 29
"e:\Sandip_da\Project\New_Project\chartdoc_web\src\assets\plugins\prettyphoto\facebook\contentPatternLeft.html", "HTML", 23, 0, 0, 0, 0, 0, 0, 0, 0, 6, 29
"e:\Sandip_da\Project\New_Project\chartdoc_web\src\assets\plugins\prettyphoto\facebook\contentPatternRight.html", "HTML", 23, 0, 0, 0, 0, 0, 0, 0, 0, 6, 29
"e:\Sandip_da\Project\New_Project\chartdoc_web\src\assets\plugins\prettyphoto\facebook\contentPatternTop.html", "HTML", 23, 0, 0, 0, 0, 0, 0, 0, 0, 6, 29
"e:\Sandip_da\Project\New_Project\chartdoc_web\src\assets\plugins\prettyphoto\facebook\default_thumbnail.html", "HTML", 23, 0, 0, 0, 0, 0, 0, 0, 0, 6, 29
"e:\Sandip_da\Project\New_Project\chartdoc_web\src\assets\plugins\prettyphoto\facebook\loader.html", "HTML", 23, 0, 0, 0, 0, 0, 0, 0, 0, 6, 29
"e:\Sandip_da\Project\New_Project\chartdoc_web\src\assets\plugins\prettyphoto\facebook\sprite.html", "HTML", 23, 0, 0, 0, 0, 0, 0, 0, 0, 6, 29
"e:\Sandip_da\Project\New_Project\chartdoc_web\src\assets\plugins\prettyphoto\jquery.prettyPhoto.js", "JavaScript", 0, 0, 0, 0, 0, 633, 0, 0, 95, 184, 912
"e:\Sandip_da\Project\New_Project\chartdoc_web\src\assets\plugins\prettyphoto\light_square\btnNext.html", "HTML", 23, 0, 0, 0, 0, 0, 0, 0, 0, 6, 29
"e:\Sandip_da\Project\New_Project\chartdoc_web\src\assets\plugins\prettyphoto\light_square\btnPrevious.html", "HTML", 23, 0, 0, 0, 0, 0, 0, 0, 0, 6, 29
"e:\Sandip_da\Project\New_Project\chartdoc_web\src\assets\plugins\prettyphoto\light_square\sprite.html", "HTML", 23, 0, 0, 0, 0, 0, 0, 0, 0, 6, 29
"e:\Sandip_da\Project\New_Project\chartdoc_web\src\assets\plugins\prettyphoto\prettyPhoto.css", "CSS", 0, 0, 415, 0, 0, 0, 0, 0, 24, 86, 525
"e:\Sandip_da\Project\New_Project\chartdoc_web\src\assets\plugins\responsive-tables\css\rwd-table.min.css", "CSS", 0, 0, 1, 0, 0, 0, 0, 0, 6, 0, 7
"e:\Sandip_da\Project\New_Project\chartdoc_web\src\assets\plugins\responsive-tables\js\rwd-table.min.js", "JavaScript", 0, 0, 0, 0, 0, 1, 0, 0, 6, 0, 7
"e:\Sandip_da\Project\New_Project\chartdoc_web\src\assets\plugins\rickshaw-chart\css\detail.html", "HTML", 23, 0, 0, 0, 0, 0, 0, 0, 0, 6, 29
"e:\Sandip_da\Project\New_Project\chartdoc_web\src\assets\plugins\rickshaw-chart\css\extensions.html", "HTML", 23, 0, 0, 0, 0, 0, 0, 0, 0, 6, 29
"e:\Sandip_da\Project\New_Project\chartdoc_web\src\assets\plugins\rickshaw-chart\css\graph.html", "HTML", 23, 0, 0, 0, 0, 0, 0, 0, 0, 6, 29
"e:\Sandip_da\Project\New_Project\chartdoc_web\src\assets\plugins\rickshaw-chart\css\legend.html", "HTML", 23, 0, 0, 0, 0, 0, 0, 0, 0, 6, 29
"e:\Sandip_da\Project\New_Project\chartdoc_web\src\assets\plugins\rickshaw-chart\css\lines.html", "HTML", 23, 0, 0, 0, 0, 0, 0, 0, 0, 6, 29
"e:\Sandip_da\Project\New_Project\chartdoc_web\src\assets\plugins\rickshaw-chart\css\rickshaw.min.html", "HTML", 23, 0, 0, 0, 0, 0, 0, 0, 0, 6, 29
"e:\Sandip_da\Project\New_Project\chartdoc_web\src\assets\plugins\rickshaw-chart\js\Rickshaw.All.html", "HTML", 23, 0, 0, 0, 0, 0, 0, 0, 0, 6, 29
"e:\Sandip_da\Project\New_Project\chartdoc_web\src\assets\plugins\rickshaw-chart\vendor\d3.v3.html", "HTML", 23, 0, 0, 0, 0, 0, 0, 0, 0, 6, 29
"e:\Sandip_da\Project\New_Project\chartdoc_web\src\assets\plugins\select2\select2.css", "CSS", 0, 0, 531, 0, 0, 0, 0, 0, 19, 117, 667
"e:\Sandip_da\Project\New_Project\chartdoc_web\src\assets\plugins\select2\select2.min.js", "JavaScript", 0, 0, 0, 0, 0, 3, 0, 0, 20, 0, 23
"e:\Sandip_da\Project\New_Project\chartdoc_web\src\assets\plugins\sparkline-chart\jquery.sparkline.min.js", "JavaScript", 0, 0, 0, 0, 0, 2, 0, 0, 2, 1, 5
"e:\Sandip_da\Project\New_Project\chartdoc_web\src\assets\plugins\switchery\dist\switchery.css", "CSS", 0, 0, 45, 0, 0, 0, 0, 0, 8, 12, 65
"e:\Sandip_da\Project\New_Project\chartdoc_web\src\assets\plugins\switchery\dist\switchery.js", "JavaScript", 0, 0, 0, 0, 0, 917, 0, 0, 696, 343, 1956
"e:\Sandip_da\Project\New_Project\chartdoc_web\src\assets\plugins\tagsinput\css\bootstrap-tagsinput.css", "CSS", 0, 0, 49, 0, 0, 0, 0, 0, 0, 1, 50
"e:\Sandip_da\Project\New_Project\chartdoc_web\src\assets\plugins\tagsinput\js\bootstrap-tagsinput.min.js", "JavaScript", 0, 0, 0, 0, 0, 1, 0, 0, 5, 1, 7
"e:\Sandip_da\Project\New_Project\chartdoc_web\src\assets\plugins\timepicker\css\bootstrap-timepicker.css", "CSS", 0, 0, 136, 0, 0, 0, 0, 0, 10, 1, 147
"e:\Sandip_da\Project\New_Project\chartdoc_web\src\assets\plugins\timepicker\js\bootstrap-timepicker.min.js", "JavaScript", 0, 0, 0, 0, 0, 1, 0, 0, 4, 0, 5
"e:\Sandip_da\Project\New_Project\chartdoc_web\src\assets\plugins\typeahead\css\typeahead.css", "CSS", 0, 0, 66, 0, 0, 0, 0, 0, 2, 13, 81
"e:\Sandip_da\Project\New_Project\chartdoc_web\src\assets\plugins\typeahead\handlebars.min.js", "JavaScript", 0, 0, 0, 0, 0, 2, 0, 0, 26, 0, 28
"e:\Sandip_da\Project\New_Project\chartdoc_web\src\assets\plugins\typeahead\typeahead.bundle.js", "JavaScript", 0, 0, 0, 0, 0, 1773, 0, 0, 5, 4, 1782
"e:\Sandip_da\Project\New_Project\chartdoc_web\src\assets\plugins\uikit\css\components\htmleditor.css", "CSS", 0, 0, 119, 0, 0, 0, 0, 0, 48, 1, 168
"e:\Sandip_da\Project\New_Project\chartdoc_web\src\assets\plugins\uikit\css\components\nestable.min.css", "CSS", 0, 0, 1, 0, 0, 0, 0, 0, 1, 0, 2
"e:\Sandip_da\Project\New_Project\chartdoc_web\src\assets\plugins\uikit\css\uikit.min.css", "CSS", 0, 0, 1, 0, 0, 0, 0, 0, 1, 0, 2
"e:\Sandip_da\Project\New_Project\chartdoc_web\src\assets\plugins\uikit\js\components\htmleditor.js", "JavaScript", 0, 0, 0, 0, 0, 453, 0, 0, 11, 158, 622
"e:\Sandip_da\Project\New_Project\chartdoc_web\src\assets\plugins\uikit\js\components\nestable.min.js", "JavaScript", 0, 0, 0, 0, 0, 1, 0, 0, 1, 0, 2
"e:\Sandip_da\Project\New_Project\chartdoc_web\src\assets\plugins\uikit\js\uikit.min.js", "JavaScript", 0, 0, 0, 0, 0, 2, 0, 0, 1, 0, 3
"e:\Sandip_da\Project\New_Project\chartdoc_web\src\assets\plugins\uikit\vendor\codemirror\addon\mode\overlay.js", "JavaScript", 0, 0, 0, 0, 0, 63, 0, 0, 12, 11, 86
"e:\Sandip_da\Project\New_Project\chartdoc_web\src\assets\plugins\uikit\vendor\codemirror\codemirror.css", "CSS", 0, 0, 246, 0, 0, 0, 0, 0, 24, 40, 310
"e:\Sandip_da\Project\New_Project\chartdoc_web\src\assets\plugins\uikit\vendor\codemirror\codemirror.js", "JavaScript", 0, 0, 0, 0, 0, 6451, 0, 0, 866, 713, 8030
"e:\Sandip_da\Project\New_Project\chartdoc_web\src\assets\plugins\uikit\vendor\codemirror\mode\gfm\gfm.js", "JavaScript", 0, 0, 0, 0, 0, 110, 0, 0, 11, 3, 124
"e:\Sandip_da\Project\New_Project\chartdoc_web\src\assets\plugins\uikit\vendor\codemirror\mode\markdown\markdown.js", "JavaScript", 0, 0, 0, 0, 0, 639, 0, 0, 31, 96, 766
"e:\Sandip_da\Project\New_Project\chartdoc_web\src\assets\plugins\uikit\vendor\codemirror\mode\xml\xml.js", "JavaScript", 0, 0, 0, 0, 0, 358, 0, 0, 5, 22, 385
"e:\Sandip_da\Project\New_Project\chartdoc_web\src\assets\plugins\uikit\vendor\marked\marked.min.js", "JavaScript", 0, 0, 0, 0, 0, 1, 0, 0, 5, 0, 6
"e:\Sandip_da\Project\New_Project\chartdoc_web\src\assets\plugins\viewport\viewportchecker.js", "JavaScript", 0, 0, 0, 0, 0, 101, 0, 0, 51, 29, 181
"e:\Sandip_da\Project\New_Project\chartdoc_web\src\environments\environment.prod.ts", "TypeScript", 0, 5, 0, 0, 0, 0, 0, 0, 0, 1, 6
"e:\Sandip_da\Project\New_Project\chartdoc_web\src\environments\environment.ts", "TypeScript", 0, 5, 0, 0, 0, 0, 0, 0, 12, 3, 20
"e:\Sandip_da\Project\New_Project\chartdoc_web\src\index.html", "HTML", 37, 0, 0, 0, 0, 0, 0, 0, 16, 17, 70
"e:\Sandip_da\Project\New_Project\chartdoc_web\src\main.ts", "TypeScript", 0, 9, 0, 0, 0, 0, 0, 0, 0, 4, 13
"e:\Sandip_da\Project\New_Project\chartdoc_web\src\polyfills.ts", "TypeScript", 0, 1, 0, 0, 0, 0, 0, 0, 55, 8, 64
"e:\Sandip_da\Project\New_Project\chartdoc_web\src\styles.css", "CSS", 0, 0, 7860, 0, 0, 0, 0, 0, 663, 422, 8945
"e:\Sandip_da\Project\New_Project\chartdoc_web\src\test.ts", "TypeScript", 0, 13, 0, 0, 0, 0, 0, 0, 4, 4, 21
"Total", "-", 5281, 9420, 34385, 16, 744, 58745, 1632, 1510, 12576, 13134, 137443